bundle,family,stage,model,source_file,resample_unit,n_predictions,state,metric,n_blocks,bootstrap_replicates,ci_low_2p5,bootstrap_median,ci_high_97p5,bootstrap_mean,bootstrap_std,block_min,block_max
pipeline,parity,01_cthmm,gpu_cthmm,pipeline\pipeline\parity\01_cthmm\20260505_025817_cthmm_together_parity_family\teacher_predictions.npz,contiguous_blocks,701480,0,mean_dwell_windows,343,200,310.5222752270735,385.26529402521146,468.3206218410313,386.8906174895981,42.76513193588394,1.0,2048.0
pipeline,parity,01_cthmm,gpu_cthmm,pipeline\pipeline\parity\01_cthmm\20260505_025817_cthmm_together_parity_family\teacher_predictions.npz,contiguous_blocks,701480,0,median_dwell_windows,343,200,311.9560495626822,386.7478134110787,470.5852040816327,387.73951895043734,44.39998341693705,1.0,2048.0
pipeline,parity,01_cthmm,gpu_cthmm,pipeline\pipeline\parity\01_cthmm\20260505_025817_cthmm_together_parity_family\teacher_predictions.npz,contiguous_blocks,701480,0,p90_dwell_windows,343,200,314.8121501457726,386.38381924198245,472.9906413994169,387.9489416909621,41.20069159138121,1.0,2048.0
pipeline,parity,01_cthmm,gpu_cthmm,pipeline\pipeline\parity\01_cthmm\20260505_025817_cthmm_together_parity_family\teacher_predictions.npz,contiguous_blocks,701480,1,mean_dwell_windows,278,200,8.598343510295573,10.965881633508813,13.523997446168684,10.98783055798615,1.394909791101998,1.4504132231404958,108.07142857142857
pipeline,parity,01_cthmm,gpu_cthmm,pipeline\pipeline\parity\01_cthmm\20260505_025817_cthmm_together_parity_family\teacher_predictions.npz,contiguous_blocks,701480,1,median_dwell_windows,278,200,6.018075539568345,8.011690647482014,10.339433453237412,8.171870503597123,1.1642170844196364,1.0,83.0
pipeline,parity,01_cthmm,gpu_cthmm,pipeline\pipeline\parity\01_cthmm\20260505_025817_cthmm_together_parity_family\teacher_predictions.npz,contiguous_blocks,701480,1,p90_dwell_windows,278,200,17.794415467625903,22.589028776978417,29.675386690647482,22.834762589928058,2.7718902982266616,2.0,232.20000000000016
pipeline,parity,02_cnn_gru_independent,cnn_gru,pipeline\pipeline\parity\02_cnn_gru_independent\20260505_031909_cnn_gru_together_parity_family\predictions_cnn_independent.npz,contiguous_blocks,701480,0,mean_dwell_windows,343,200,2033.301749271137,2042.1443148688047,2048.0,2042.0661005830905,4.280650076435197,1023.5,2048.0
pipeline,parity,02_cnn_gru_independent,cnn_gru,pipeline\pipeline\parity\02_cnn_gru_independent\20260505_031909_cnn_gru_together_parity_family\predictions_cnn_independent.npz,contiguous_blocks,701480,0,median_dwell_windows,343,200,2033.117857142857,2042.1443148688047,2048.0,2041.7332361516037,4.650706205872311,1023.5,2048.0
pipeline,parity,02_cnn_gru_independent,cnn_gru,pipeline\pipeline\parity\02_cnn_gru_independent\20260505_031909_cnn_gru_together_parity_family\predictions_cnn_independent.npz,contiguous_blocks,701480,0,p90_dwell_windows,343,200,2038.479008746356,2045.131195335277,2048.0,2044.609925655977,2.6429246582770483,1064.0,2048.0
pipeline,parity,02_cnn_gru_independent,cnn_gru,pipeline\pipeline\parity\02_cnn_gru_independent\20260505_031909_cnn_gru_together_parity_family\predictions_cnn_independent.npz,contiguous_blocks,701480,1,mean_dwell_windows,1,0,1.0,1.0,1.0,1.0,0.0,,
pipeline,parity,02_cnn_gru_independent,cnn_gru,pipeline\pipeline\parity\02_cnn_gru_independent\20260505_031909_cnn_gru_together_parity_family\predictions_cnn_independent.npz,contiguous_blocks,701480,1,median_dwell_windows,1,0,1.0,1.0,1.0,1.0,0.0,,
pipeline,parity,02_cnn_gru_independent,cnn_gru,pipeline\pipeline\parity\02_cnn_gru_independent\20260505_031909_cnn_gru_together_parity_family\predictions_cnn_independent.npz,contiguous_blocks,701480,1,p90_dwell_windows,1,0,1.0,1.0,1.0,1.0,0.0,,
pipeline,parity,03_cnn_gru_teacher_assisted,cnn_gru,pipeline\pipeline\parity\03_cnn_gru_teacher_assisted\20260505_032709_cnn_gru_together_parity_family\predictions_cnn_teacher_assisted.npz,contiguous_blocks,701480,0,mean_dwell_windows,343,200,251.60864450140096,303.9991344736103,372.275283092523,308.6775534645364,32.181918222445994,1.1951219512195121,2048.0
pipeline,parity,03_cnn_gru_teacher_assisted,cnn_gru,pipeline\pipeline\parity\03_cnn_gru_teacher_assisted\20260505_032709_cnn_gru_together_parity_family\predictions_cnn_teacher_assisted.npz,contiguous_blocks,701480,0,median_dwell_windows,343,200,228.16045918367348,292.89431486880466,354.1042274052478,292.1559329446064,32.617377883890825,1.0,2048.0
pipeline,parity,03_cnn_gru_teacher_assisted,cnn_gru,pipeline\pipeline\parity\03_cnn_gru_teacher_assisted\20260505_032709_cnn_gru_together_parity_family\predictions_cnn_teacher_assisted.npz,contiguous_blocks,701480,0,p90_dwell_windows,343,200,325.09290816326535,402.49096209912534,463.5277915451896,398.87979446064145,34.98494874029025,2.0,2048.0
pipeline,parity,03_cnn_gru_teacher_assisted,cnn_gru,pipeline\pipeline\parity\03_cnn_gru_teacher_assisted\20260505_032709_cnn_gru_together_parity_family\predictions_cnn_teacher_assisted.npz,contiguous_blocks,701480,1,mean_dwell_windows,317,200,5.72064630089962,6.375603150600817,7.092663247599913,6.371805080167141,0.33217528418428804,1.0,32.032786885245905
pipeline,parity,03_cnn_gru_teacher_assisted,cnn_gru,pipeline\pipeline\parity\03_cnn_gru_teacher_assisted\20260505_032709_cnn_gru_together_parity_family\predictions_cnn_teacher_assisted.npz,contiguous_blocks,701480,1,median_dwell_windows,317,200,3.622555205047319,3.9274447949526814,4.239944794952682,3.931277602523659,0.17170709590254565,1.0,15.0
pipeline,parity,03_cnn_gru_teacher_assisted,cnn_gru,pipeline\pipeline\parity\03_cnn_gru_teacher_assisted\20260505_032709_cnn_gru_together_parity_family\predictions_cnn_teacher_assisted.npz,contiguous_blocks,701480,1,p90_dwell_windows,317,200,10.485157728706627,11.741798107255523,13.37171135646688,11.8400141955836,0.7588268820089639,1.0,45.00000000000003
pipeline,parity,04_hsmm_using_cnn_embeddings,gpu_hsmm_duration,pipeline\pipeline\parity\04_hsmm_using_cnn_embeddings\20260505_034648_hsmm_together_parity_family\hsmm_predictions.npz,contiguous_blocks,70174,1,mean_dwell_windows,17,200,999.0757463630613,1515.0420619860847,1927.592981657179,1497.1560570971465,230.09175237437012,1.08,2048.0
pipeline,parity,04_hsmm_using_cnn_embeddings,gpu_hsmm_duration,pipeline\pipeline\parity\04_hsmm_using_cnn_embeddings\20260505_034648_hsmm_together_parity_family\hsmm_predictions.npz,contiguous_blocks,70174,1,median_dwell_windows,17,200,998.8235294117648,1480.4705882352941,1841.7058823529412,1480.125294117647,211.88175028550634,1.0,2048.0
pipeline,parity,04_hsmm_using_cnn_embeddings,gpu_hsmm_duration,pipeline\pipeline\parity\04_hsmm_using_cnn_embeddings\20260505_034648_hsmm_together_parity_family\hsmm_predictions.npz,contiguous_blocks,70174,1,p90_dwell_windows,17,200,1084.9060294117646,1480.7823529411767,1807.4660294117648,1492.157911764706,193.55143464904927,1.0,2048.0
pipeline,parity,04_hsmm_using_cnn_embeddings,gpu_hsmm_duration,pipeline\pipeline\parity\04_hsmm_using_cnn_embeddings\20260505_034648_hsmm_together_parity_family\hsmm_predictions.npz,contiguous_blocks,70174,0,mean_dwell_windows,23,200,1346.4297921036107,1667.6753319562072,1933.6198424359513,1650.090461816839,160.52698715380095,3.3980582524271843,2048.0
pipeline,parity,04_hsmm_using_cnn_embeddings,gpu_hsmm_duration,pipeline\pipeline\parity\04_hsmm_using_cnn_embeddings\20260505_034648_hsmm_together_parity_family\hsmm_predictions.npz,contiguous_blocks,70174,0,median_dwell_windows,23,200,1340.0994565217393,1692.5652173913045,1959.1369565217392,1671.2803260869564,158.28246503372446,3.0,2048.0
pipeline,parity,04_hsmm_using_cnn_embeddings,gpu_hsmm_duration,pipeline\pipeline\parity\04_hsmm_using_cnn_embeddings\20260505_034648_hsmm_together_parity_family\hsmm_predictions.npz,contiguous_blocks,70174,0,p90_dwell_windows,23,200,1432.0271739130435,1695.6608695652174,1933.663043478261,1680.7904782608696,144.18029506372045,6.0,2048.0
pipeline,parity,05_dmm,dmm,pipeline\pipeline\parity\05_dmm\20260505_040832_dmm_together_parity_family\predictions_dmm.npz,contiguous_blocks,701480,1,mean_dwell_windows,202,200,485.3493800353037,581.8182974402839,687.3514626060546,581.8690190920928,51.00402131596657,1.0,2048.0
pipeline,parity,05_dmm,dmm,pipeline\pipeline\parity\05_dmm\20260505_040832_dmm_together_parity_family\predictions_dmm.npz,contiguous_blocks,701480,1,median_dwell_windows,202,200,427.9542079207921,539.1361386138615,638.0281559405942,534.1807425742575,55.773796245558344,1.0,2048.0
pipeline,parity,05_dmm,dmm,pipeline\pipeline\parity\05_dmm\20260505_040832_dmm_together_parity_family\predictions_dmm.npz,contiguous_blocks,701480,1,p90_dwell_windows,202,200,642.2194801980197,739.8512376237624,850.769207920792,740.546599009901,52.79066665680095,1.0,2048.0
pipeline,parity,05_dmm,dmm,pipeline\pipeline\parity\05_dmm\20260505_040832_dmm_together_parity_family\predictions_dmm.npz,contiguous_blocks,701480,0,mean_dwell_windows,305,200,1003.0197732253863,1105.323805091312,1215.434789283383,1107.4456720620992,57.379753383951765,1.0,2048.0
pipeline,parity,05_dmm,dmm,pipeline\pipeline\parity\05_dmm\20260505_040832_dmm_together_parity_family\predictions_dmm.npz,contiguous_blocks,701480,0,median_dwell_windows,305,200,978.366844262295,1080.6860655737705,1183.9257786885246,1080.412844262295,53.50032687715328,1.0,2048.0
pipeline,parity,05_dmm,dmm,pipeline\pipeline\parity\05_dmm\20260505_040832_dmm_together_parity_family\predictions_dmm.npz,contiguous_blocks,701480,0,p90_dwell_windows,305,200,1137.4121639344262,1219.9603278688523,1309.4294262295084,1223.0274573770491,45.945809286912315,1.0,2048.0
pipeline,x_loop,01_cthmm,gpu_cthmm,pipeline\pipeline\x_loop\01_cthmm\20260505_091222_cthmm_together_x_loop_family\teacher_predictions.npz,contiguous_blocks,186000,0,mean_dwell_windows,91,200,3.8901058532745107,4.801312813043197,5.859099003730501,4.7936123859411435,0.5200724022357687,1.9039548022598871,21.93243243243243
pipeline,x_loop,01_cthmm,gpu_cthmm,pipeline\pipeline\x_loop\01_cthmm\20260505_091222_cthmm_together_x_loop_family\teacher_predictions.npz,contiguous_blocks,186000,0,median_dwell_windows,91,200,1.9945054945054945,2.2637362637362637,2.5935439560439564,2.2693956043956045,0.15315424468908448,1.0,10.0
pipeline,x_loop,01_cthmm,gpu_cthmm,pipeline\pipeline\x_loop\01_cthmm\20260505_091222_cthmm_together_x_loop_family\teacher_predictions.npz,contiguous_blocks,186000,0,p90_dwell_windows,91,200,9.912115384615385,12.8478021978022,16.103846153846156,12.924445054945059,1.7086531538548617,4.0,65.0
pipeline,x_loop,01_cthmm,gpu_cthmm,pipeline\pipeline\x_loop\01_cthmm\20260505_091222_cthmm_together_x_loop_family\teacher_predictions.npz,contiguous_blocks,186000,1,mean_dwell_windows,91,200,3.7369759808988325,4.820835849651542,5.885786302725687,4.762064691933606,0.572631706998717,1.844569288389513,29.338709677419356
pipeline,x_loop,01_cthmm,gpu_cthmm,pipeline\pipeline\x_loop\01_cthmm\20260505_091222_cthmm_together_x_loop_family\teacher_predictions.npz,contiguous_blocks,186000,1,median_dwell_windows,91,200,1.8130494505494505,2.090659340659341,2.4287087912087912,2.0956868131868136,0.15706971794096178,1.0,9.0
pipeline,x_loop,01_cthmm,gpu_cthmm,pipeline\pipeline\x_loop\01_cthmm\20260505_091222_cthmm_together_x_loop_family\teacher_predictions.npz,contiguous_blocks,186000,1,p90_dwell_windows,91,200,9.144642857142859,12.286813186813191,15.599258241758244,12.299802197802201,1.660954467300313,3.0,75.69999999999999
pipeline,x_loop,02_cnn_gru_independent,cnn_gru,pipeline\pipeline\x_loop\02_cnn_gru_independent\20260505_092006_cnn_gru_together_x_loop_family\predictions_cnn_independent.npz,contiguous_blocks,186000,0,mean_dwell_windows,91,200,1597.3679673600209,1715.2465463108324,1828.6884419152277,1714.3325243982208,58.97028198201383,203.4,2048.0
pipeline,x_loop,02_cnn_gru_independent,cnn_gru,pipeline\pipeline\x_loop\02_cnn_gru_independent\20260505_092006_cnn_gru_together_x_loop_family\predictions_cnn_independent.npz,contiguous_blocks,186000,0,median_dwell_windows,91,200,1566.742032967033,1696.228021978022,1820.460989010989,1692.6326923076924,69.3196222972221,8.0,2048.0
pipeline,x_loop,02_cnn_gru_independent,cnn_gru,pipeline\pipeline\x_loop\02_cnn_gru_independent\20260505_092006_cnn_gru_together_x_loop_family\predictions_cnn_independent.npz,contiguous_blocks,186000,0,p90_dwell_windows,91,200,1737.801373626374,1837.907692307692,1904.575,1834.422741758242,43.2446590747066,667.9999999999999,2048.0
pipeline,x_loop,02_cnn_gru_independent,cnn_gru,pipeline\pipeline\x_loop\02_cnn_gru_independent\20260505_092006_cnn_gru_together_x_loop_family\predictions_cnn_independent.npz,contiguous_blocks,186000,1,mean_dwell_windows,22,200,1.0863636363636362,1.2558080808080807,1.4597222222222224,1.2670214646464648,0.09340579441627811,1.0,2.6666666666666665
pipeline,x_loop,02_cnn_gru_independent,cnn_gru,pipeline\pipeline\x_loop\02_cnn_gru_independent\20260505_092006_cnn_gru_together_x_loop_family\predictions_cnn_independent.npz,contiguous_blocks,186000,1,median_dwell_windows,22,200,1.0227272727272727,1.1590909090909092,1.31875,1.1536363636363638,0.07526549489335466,1.0,2.0
pipeline,x_loop,02_cnn_gru_independent,cnn_gru,pipeline\pipeline\x_loop\02_cnn_gru_independent\20260505_092006_cnn_gru_together_x_loop_family\predictions_cnn_independent.npz,contiguous_blocks,186000,1,p90_dwell_windows,22,200,1.245340909090909,1.525,1.873068181818182,1.534181818181818,0.16258925931720553,1.0,3.6
pipeline,x_loop,03_cnn_gru_teacher_assisted,cnn_gru,pipeline\pipeline\x_loop\03_cnn_gru_teacher_assisted\20260505_092550_cnn_gru_together_x_loop_family\predictions_cnn_teacher_assisted.npz,contiguous_blocks,186000,0,mean_dwell_windows,91,200,12.290758605399809,13.22126038381851,14.101467317722882,13.176426235944808,0.5043680114119816,1.3636363636363635,27.952380952380953
pipeline,x_loop,03_cnn_gru_teacher_assisted,cnn_gru,pipeline\pipeline\x_loop\03_cnn_gru_teacher_assisted\20260505_092550_cnn_gru_together_x_loop_family\predictions_cnn_teacher_assisted.npz,contiguous_blocks,186000,0,median_dwell_windows,91,200,2.4835164835164836,2.6675824175824174,2.8957417582417584,2.677554945054945,0.10481050444195426,1.0,9.0
pipeline,x_loop,03_cnn_gru_teacher_assisted,cnn_gru,pipeline\pipeline\x_loop\03_cnn_gru_teacher_assisted\20260505_092550_cnn_gru_together_x_loop_family\predictions_cnn_teacher_assisted.npz,contiguous_blocks,186000,0,p90_dwell_windows,91,200,47.92225274725274,51.95879120879121,57.24837912087912,52.30321428571429,2.437788659363833,2.0,90.0
pipeline,x_loop,03_cnn_gru_teacher_assisted,cnn_gru,pipeline\pipeline\x_loop\03_cnn_gru_teacher_assisted\20260505_092550_cnn_gru_together_x_loop_family\predictions_cnn_teacher_assisted.npz,contiguous_blocks,186000,1,mean_dwell_windows,91,200,16.86711327139023,20.22831933751734,23.812278075689843,20.218627129097154,1.864379777742832,4.364406779661017,126.625
pipeline,x_loop,03_cnn_gru_teacher_assisted,cnn_gru,pipeline\pipeline\x_loop\03_cnn_gru_teacher_assisted\20260505_092550_cnn_gru_together_x_loop_family\predictions_cnn_teacher_assisted.npz,contiguous_blocks,186000,1,median_dwell_windows,91,200,3.1701923076923078,3.4285714285714284,3.692582417582418,3.426510989010989,0.14049435426791723,2.0,10.5
pipeline,x_loop,03_cnn_gru_teacher_assisted,cnn_gru,pipeline\pipeline\x_loop\03_cnn_gru_teacher_assisted\20260505_092550_cnn_gru_together_x_loop_family\predictions_cnn_teacher_assisted.npz,contiguous_blocks,186000,1,p90_dwell_windows,91,200,55.09162087912088,64.75879120879122,76.75590659340662,65.26886813186815,6.071801859607436,10.600000000000009,343.5
pipeline,x_loop,04_hsmm_using_cnn_embeddings,gpu_hsmm_duration,pipeline\pipeline\x_loop\04_hsmm_using_cnn_embeddings\20260505_093246_hsmm_together_x_loop_family\hsmm_predictions.npz,sequence_id,18600,1,mean_dwell_windows,557,200,17.04930975891254,18.058972386081898,19.197703470975462,18.060746794049756,0.5479759028582998,1.0,30.0
pipeline,x_loop,04_hsmm_using_cnn_embeddings,gpu_hsmm_duration,pipeline\pipeline\x_loop\04_hsmm_using_cnn_embeddings\20260505_093246_hsmm_together_x_loop_family\hsmm_predictions.npz,sequence_id,18600,1,median_dwell_windows,557,200,16.920960502693,17.810143626570916,18.813981149012566,17.833859964093357,0.5005614386290286,1.0,30.0
pipeline,x_loop,04_hsmm_using_cnn_embeddings,gpu_hsmm_duration,pipeline\pipeline\x_loop\04_hsmm_using_cnn_embeddings\20260505_093246_hsmm_together_x_loop_family\hsmm_predictions.npz,sequence_id,18600,1,p90_dwell_windows,557,200,18.801157989228006,19.712836624775584,20.460323159784558,19.640189407540397,0.4467630555946531,1.0,30.0
pipeline,x_loop,04_hsmm_using_cnn_embeddings,gpu_hsmm_duration,pipeline\pipeline\x_loop\04_hsmm_using_cnn_embeddings\20260505_093246_hsmm_together_x_loop_family\hsmm_predictions.npz,sequence_id,18600,0,mean_dwell_windows,352,200,8.646375473484849,9.714299242424243,10.637747395833335,9.715355350378788,0.5805334187298119,1.0,30.0
pipeline,x_loop,04_hsmm_using_cnn_embeddings,gpu_hsmm_duration,pipeline\pipeline\x_loop\04_hsmm_using_cnn_embeddings\20260505_093246_hsmm_together_x_loop_family\hsmm_predictions.npz,sequence_id,18600,0,median_dwell_windows,352,200,8.235475852272728,9.387073863636363,10.629936079545454,9.392620738636362,0.6032961737982784,1.0,30.0
pipeline,x_loop,04_hsmm_using_cnn_embeddings,gpu_hsmm_duration,pipeline\pipeline\x_loop\04_hsmm_using_cnn_embeddings\20260505_093246_hsmm_together_x_loop_family\hsmm_predictions.npz,sequence_id,18600,0,p90_dwell_windows,352,200,10.305454545454545,11.345028409090911,12.510376420454545,11.361490056818182,0.5732330301932494,1.0,30.0
pipeline,x_loop,05_dmm,dmm,pipeline\pipeline\x_loop\05_dmm\20260505_094130_dmm_together_x_loop_family\predictions_dmm.npz,contiguous_blocks,186000,1,mean_dwell_windows,91,200,2035.868131868132,2043.956043956044,2048.0,2044.057142857143,3.8553974893038303,1680.0,2048.0
pipeline,x_loop,05_dmm,dmm,pipeline\pipeline\x_loop\05_dmm\20260505_094130_dmm_together_x_loop_family\predictions_dmm.npz,contiguous_blocks,186000,1,median_dwell_windows,91,200,2035.7670329670332,2043.956043956044,2048.0,2044.2189010989011,3.9944241408300245,1680.0,2048.0
pipeline,x_loop,05_dmm,dmm,pipeline\pipeline\x_loop\05_dmm\20260505_094130_dmm_together_x_loop_family\predictions_dmm.npz,contiguous_blocks,186000,1,p90_dwell_windows,91,200,2035.868131868132,2043.956043956044,2048.0,2044.0975824175825,3.9384843171244808,1680.0,2048.0
pipeline,z_loop,01_cthmm,gpu_cthmm,pipeline\pipeline\z_loop\01_cthmm\20260505_102554_cthmm_together_z_loop_family\teacher_predictions.npz,contiguous_blocks,15015,0,mean_dwell_windows,8,200,3.0533079756253154,5.415158765427391,8.94139545720167,5.521267897644216,1.651404884394017,2.511247443762781,14.483870967741936
pipeline,z_loop,01_cthmm,gpu_cthmm,pipeline\pipeline\z_loop\01_cthmm\20260505_102554_cthmm_together_z_loop_family\teacher_predictions.npz,contiguous_blocks,15015,0,median_dwell_windows,8,200,2.0,3.375,5.128125000000001,3.35125,0.8149619638440574,2.0,7.0
pipeline,z_loop,01_cthmm,gpu_cthmm,pipeline\pipeline\z_loop\01_cthmm\20260505_102554_cthmm_together_z_loop_family\teacher_predictions.npz,contiguous_blocks,15015,0,p90_dwell_windows,8,200,6.871875,12.125,18.5,12.259375,3.2369989644506023,5.0,31.0
pipeline,z_loop,01_cthmm,gpu_cthmm,pipeline\pipeline\z_loop\01_cthmm\20260505_102554_cthmm_together_z_loop_family\teacher_predictions.npz,contiguous_blocks,15015,1,mean_dwell_windows,8,200,2.0054277036760775,3.4679449882245112,5.260623060120481,3.5219737814175263,0.8485191243689562,1.5801217038539555,7.419354838709677
pipeline,z_loop,01_cthmm,gpu_cthmm,pipeline\pipeline\z_loop\01_cthmm\20260505_102554_cthmm_together_z_loop_family\teacher_predictions.npz,contiguous_blocks,15015,1,median_dwell_windows,8,200,1.25,2.5,4.006250000000001,2.46375,0.7758920542830023,1.0,7.0
pipeline,z_loop,01_cthmm,gpu_cthmm,pipeline\pipeline\z_loop\01_cthmm\20260505_102554_cthmm_together_z_loop_family\teacher_predictions.npz,contiguous_blocks,15015,1,p90_dwell_windows,8,200,4.337500000000002,7.087500000000002,11.212500000000002,7.155125000000003,1.8872465178057298,3.0,14.0
pipeline,z_loop,02_cnn_gru_independent,cnn_gru,pipeline\pipeline\z_loop\02_cnn_gru_independent\20260505_102929_cnn_gru_together_z_loop_family\predictions_cnn_independent.npz,contiguous_blocks,15015,0,mean_dwell_windows,8,200,61.75491071428572,84.91745919521654,107.55165441176473,85.28251191822885,12.267755782471466,40.25,144.71428571428572
pipeline,z_loop,02_cnn_gru_independent,cnn_gru,pipeline\pipeline\z_loop\02_cnn_gru_independent\20260505_102929_cnn_gru_together_z_loop_family\predictions_cnn_independent.npz,contiguous_blocks,15015,0,median_dwell_windows,8,200,3.3125,5.0,7.6890625,5.0946875,1.196056148407955,2.0,13.5
pipeline,z_loop,02_cnn_gru_independent,cnn_gru,pipeline\pipeline\z_loop\02_cnn_gru_independent\20260505_102929_cnn_gru_together_z_loop_family\predictions_cnn_independent.npz,contiguous_blocks,15015,0,p90_dwell_windows,8,200,178.6721875,206.30000000000007,235.2234375000001,206.31362500000003,14.923600305885445,141.5,269.6
pipeline,z_loop,02_cnn_gru_independent,cnn_gru,pipeline\pipeline\z_loop\02_cnn_gru_independent\20260505_102929_cnn_gru_together_z_loop_family\predictions_cnn_independent.npz,contiguous_blocks,15015,1,mean_dwell_windows,8,200,1.5327082154977374,1.7468914969834086,2.0220906391402718,1.7428844268476622,0.12712499664762275,1.375,2.3333333333333335
pipeline,z_loop,02_cnn_gru_independent,cnn_gru,pipeline\pipeline\z_loop\02_cnn_gru_independent\20260505_102929_cnn_gru_together_z_loop_family\predictions_cnn_independent.npz,contiguous_blocks,15015,1,median_dwell_windows,8,200,1.0,1.125,1.375,1.120625,0.11578976953359574,1.0,2.0
pipeline,z_loop,02_cnn_gru_independent,cnn_gru,pipeline\pipeline\z_loop\02_cnn_gru_independent\20260505_102929_cnn_gru_together_z_loop_family\predictions_cnn_independent.npz,contiguous_blocks,15015,1,p90_dwell_windows,8,200,2.536875,3.2625,4.026562500000001,3.2693125,0.37803170959729726,2.0,4.6
pipeline,z_loop,03_cnn_gru_teacher_assisted,cnn_gru,pipeline\pipeline\z_loop\03_cnn_gru_teacher_assisted\20260505_103215_cnn_gru_together_z_loop_family\predictions_cnn_teacher_assisted.npz,contiguous_blocks,15015,0,mean_dwell_windows,8,200,9.19655165932885,10.43364000873153,11.383203982497475,10.399291776020537,0.5463704902159675,7.2926829268292686,12.81578947368421
pipeline,z_loop,03_cnn_gru_teacher_assisted,cnn_gru,pipeline\pipeline\z_loop\03_cnn_gru_teacher_assisted\20260505_103215_cnn_gru_together_z_loop_family\predictions_cnn_teacher_assisted.npz,contiguous_blocks,15015,0,median_dwell_windows,8,200,1.6218750000000002,1.875,2.0,1.8825,0.11798134594057551,1.0,2.0
pipeline,z_loop,03_cnn_gru_teacher_assisted,cnn_gru,pipeline\pipeline\z_loop\03_cnn_gru_teacher_assisted\20260505_103215_cnn_gru_together_z_loop_family\predictions_cnn_teacher_assisted.npz,contiguous_blocks,15015,0,p90_dwell_windows,8,200,35.9125,38.1,40.2884375,38.113312500000006,1.172595956619822,35.0,42.0
pipeline,z_loop,03_cnn_gru_teacher_assisted,cnn_gru,pipeline\pipeline\z_loop\03_cnn_gru_teacher_assisted\20260505_103215_cnn_gru_together_z_loop_family\predictions_cnn_teacher_assisted.npz,contiguous_blocks,15015,1,mean_dwell_windows,8,200,10.122932634912146,11.382621242533876,12.668185508712122,11.422763271965769,0.6278719136968192,9.047619047619047,14.131578947368421
pipeline,z_loop,03_cnn_gru_teacher_assisted,cnn_gru,pipeline\pipeline\z_loop\03_cnn_gru_teacher_assisted\20260505_103215_cnn_gru_together_z_loop_family\predictions_cnn_teacher_assisted.npz,contiguous_blocks,15015,1,median_dwell_windows,8,200,4.125,4.625,5.125,4.64375,0.25826476909321927,4.0,6.0
pipeline,z_loop,03_cnn_gru_teacher_assisted,cnn_gru,pipeline\pipeline\z_loop\03_cnn_gru_teacher_assisted\20260505_103215_cnn_gru_together_z_loop_family\predictions_cnn_teacher_assisted.npz,contiguous_blocks,15015,1,p90_dwell_windows,8,200,30.648125000000004,34.125,37.938125,34.1825625,1.9423429493806676,26.599999999999994,44.19999999999999
pipeline,z_loop,04_hsmm_using_cnn_embeddings,gpu_hsmm_duration,pipeline\pipeline\z_loop\04_hsmm_using_cnn_embeddings\20260505_103411_hsmm_together_z_loop_family\hsmm_predictions.npz,sequence_id,1505,0,mean_dwell_windows,165,200,5.557373737373737,5.865656565656566,6.154747474747475,5.865156565656566,0.15367417624140492,1.0,7.0
pipeline,z_loop,04_hsmm_using_cnn_embeddings,gpu_hsmm_duration,pipeline\pipeline\z_loop\04_hsmm_using_cnn_embeddings\20260505_103411_hsmm_together_z_loop_family\hsmm_predictions.npz,sequence_id,1505,0,median_dwell_windows,165,200,5.481363636363636,5.866666666666666,6.1456060606060605,5.858848484848485,0.1564561671484639,1.0,7.0
pipeline,z_loop,04_hsmm_using_cnn_embeddings,gpu_hsmm_duration,pipeline\pipeline\z_loop\04_hsmm_using_cnn_embeddings\20260505_103411_hsmm_together_z_loop_family\hsmm_predictions.npz,sequence_id,1505,0,p90_dwell_windows,165,200,5.6068030303030305,5.8990909090909085,6.18980303030303,5.908472727272727,0.1544649654099013,1.0,7.0
pipeline,z_loop,04_hsmm_using_cnn_embeddings,gpu_hsmm_duration,pipeline\pipeline\z_loop\04_hsmm_using_cnn_embeddings\20260505_103411_hsmm_together_z_loop_family\hsmm_predictions.npz,sequence_id,1505,1,mean_dwell_windows,94,200,4.432491134751773,4.930851063829787,5.377792553191489,4.9175,0.2465814515117689,1.0,7.0
pipeline,z_loop,04_hsmm_using_cnn_embeddings,gpu_hsmm_duration,pipeline\pipeline\z_loop\04_hsmm_using_cnn_embeddings\20260505_103411_hsmm_together_z_loop_family\hsmm_predictions.npz,sequence_id,1505,1,median_dwell_windows,94,200,4.4565159574468085,4.962765957446808,5.553324468085107,4.953218085106383,0.26395013770103387,1.0,7.0
pipeline,z_loop,04_hsmm_using_cnn_embeddings,gpu_hsmm_duration,pipeline\pipeline\z_loop\04_hsmm_using_cnn_embeddings\20260505_103411_hsmm_together_z_loop_family\hsmm_predictions.npz,sequence_id,1505,1,p90_dwell_windows,94,200,4.644281914893617,5.074999999999999,5.496968085106383,5.071893617021276,0.22098866548485305,1.0,7.0
pipeline,z_loop,05_dmm,dmm,pipeline\pipeline\z_loop\05_dmm\20260505_103853_dmm_together_z_loop_family\predictions_dmm.npz,contiguous_blocks,15015,0,mean_dwell_windows,8,200,10.916820774205506,12.466298751440979,13.985048145539395,12.431580017550823,0.8216045920141706,7.203703703703703,15.542168674698795
pipeline,z_loop,05_dmm,dmm,pipeline\pipeline\z_loop\05_dmm\20260505_103853_dmm_together_z_loop_family\predictions_dmm.npz,contiguous_blocks,15015,0,median_dwell_windows,8,200,2.0,2.125,2.375,2.116875,0.11352997246648659,2.0,3.0
pipeline,z_loop,05_dmm,dmm,pipeline\pipeline\z_loop\05_dmm\20260505_103853_dmm_together_z_loop_family\predictions_dmm.npz,contiguous_blocks,15015,0,p90_dwell_windows,8,200,40.125,42.6,46.025625,42.825250000000004,1.4683854112869694,37.0,50.8
pipeline,z_loop,05_dmm,dmm,pipeline\pipeline\z_loop\05_dmm\20260505_103853_dmm_together_z_loop_family\predictions_dmm.npz,contiguous_blocks,15015,1,mean_dwell_windows,8,200,9.218665555388869,10.910523384093525,13.05414530246269,11.004774402868575,0.9710341167825547,5.37037037037037,14.849315068493151
pipeline,z_loop,05_dmm,dmm,pipeline\pipeline\z_loop\05_dmm\20260505_103853_dmm_together_z_loop_family\predictions_dmm.npz,contiguous_blocks,15015,1,median_dwell_windows,8,200,2.75,3.25,3.7531250000000007,3.23625,0.288980511766632,2.0,5.0
pipeline,z_loop,05_dmm,dmm,pipeline\pipeline\z_loop\05_dmm\20260505_103853_dmm_together_z_loop_family\predictions_dmm.npz,contiguous_blocks,15015,1,p90_dwell_windows,8,200,30.95812500000001,40.7625,46.50125,40.271,4.539877358713647,10.400000000000006,49.0
individual,parity,cthmm,gpu_cthmm,individual\individual\parity\cthmm\20260504_230557_cthmm_together_parity_run\teacher_predictions.npz,contiguous_blocks,701480,0,mean_dwell_windows,343,200,378.2437098167207,450.0834748286853,542.7591927650808,451.65996418201604,43.130338544168616,1.0,2048.0
individual,parity,cthmm,gpu_cthmm,individual\individual\parity\cthmm\20260504_230557_cthmm_together_parity_run\teacher_predictions.npz,contiguous_blocks,701480,0,median_dwell_windows,343,200,353.80233236151605,447.8119533527697,550.9701166180758,451.4886734693877,51.39482481326343,1.0,2048.0
individual,parity,cthmm,gpu_cthmm,individual\individual\parity\cthmm\20260504_230557_cthmm_together_parity_run\teacher_predictions.npz,contiguous_blocks,701480,0,p90_dwell_windows,343,200,377.3218440233236,457.67886297376094,553.2643075801749,456.96425218658885,45.94648845841353,1.0,2048.0
individual,parity,cthmm,gpu_cthmm,individual\individual\parity\cthmm\20260504_230557_cthmm_together_parity_run\teacher_predictions.npz,contiguous_blocks,701480,1,mean_dwell_windows,267,200,9.240852501203642,12.251709718202276,14.721262406145318,12.144529685624976,1.4040901886314436,1.4223602484472049,96.57142857142857
individual,parity,cthmm,gpu_cthmm,individual\individual\parity\cthmm\20260504_230557_cthmm_together_parity_run\teacher_predictions.npz,contiguous_blocks,701480,1,median_dwell_windows,267,200,6.610252808988764,8.747191011235955,10.822191011235956,8.739803370786516,1.165276561502011,1.0,83.0
individual,parity,cthmm,gpu_cthmm,individual\individual\parity\cthmm\20260504_230557_cthmm_together_parity_run\teacher_predictions.npz,contiguous_blocks,701480,1,p90_dwell_windows,267,200,20.167827715355806,25.340074906367043,32.000299625468166,25.516631086142326,3.070614661031435,2.0,213.4
individual,parity,hsmm,gpu_hsmm_duration,individual\individual\parity\hsmm\20260504_233338_hsmm_together_parity_run\hsmm_predictions.npz,contiguous_blocks,105220,1,mean_dwell_windows,25,200,1142.8661690436938,1514.0456063992274,1802.436996847302,1512.3493502331476,174.37576065022827,1.1428571428571428,2048.0
individual,parity,hsmm,gpu_hsmm_duration,individual\individual\parity\hsmm\20260504_233338_hsmm_together_parity_run\hsmm_predictions.npz,contiguous_blocks,105220,1,median_dwell_windows,25,200,1185.3700000000001,1513.96,1802.36,1509.8665999999998,160.15485708425575,1.0,2048.0
individual,parity,hsmm,gpu_hsmm_duration,individual\individual\parity\hsmm\20260504_233338_hsmm_together_parity_run\hsmm_predictions.npz,contiguous_blocks,105220,1,p90_dwell_windows,25,200,1146.8591999999999,1551.408,1841.6,1522.62356,183.2622830348957,1.4000000000000004,2048.0
individual,parity,hsmm,gpu_hsmm_duration,individual\individual\parity\hsmm\20260504_233338_hsmm_together_parity_run\hsmm_predictions.npz,contiguous_blocks,105220,0,mean_dwell_windows,34,200,1408.923966283104,1673.753283040489,1900.4164386379553,1672.6290395952697,132.1483635647511,3.9453125,2048.0
individual,parity,hsmm,gpu_hsmm_duration,individual\individual\parity\hsmm\20260504_233338_hsmm_together_parity_run\hsmm_predictions.npz,contiguous_blocks,105220,0,median_dwell_windows,34,200,1362.56875,1663.3235294117649,1928.922794117647,1658.9875,143.26797777747637,3.0,2048.0
individual,parity,hsmm,gpu_hsmm_duration,individual\individual\parity\hsmm\20260504_233338_hsmm_together_parity_run\hsmm_predictions.npz,contiguous_blocks,105220,0,p90_dwell_windows,34,200,1446.0877205882352,1692.3088235294117,1876.3535294117646,1684.6105441176471,113.2656562690675,7.299999999999997,2048.0
individual,x_loop,cthmm,gpu_cthmm,individual\individual\x_loop\cthmm\20260505_014342_cthmm_together_x_loop_run\teacher_predictions.npz,contiguous_blocks,186000,0,mean_dwell_windows,91,200,4.1563240691780345,5.354769917091636,6.511705936419368,5.3361664206277934,0.5726651110551223,1.8778195488721805,23.757142857142856
individual,x_loop,cthmm,gpu_cthmm,individual\individual\x_loop\cthmm\20260505_014342_cthmm_together_x_loop_run\teacher_predictions.npz,contiguous_blocks,186000,0,median_dwell_windows,91,200,2.1756868131868132,2.392857142857143,2.742032967032967,2.4116758241758243,0.1550239086152497,1.0,8.0
individual,x_loop,cthmm,gpu_cthmm,individual\individual\x_loop\cthmm\20260505_014342_cthmm_together_x_loop_run\teacher_predictions.npz,contiguous_blocks,186000,0,p90_dwell_windows,91,200,11.286236263736265,14.547252747252749,18.152335164835165,14.524104395604397,1.7815110782726504,3.0,76.30000000000001
individual,x_loop,cthmm,gpu_cthmm,individual\individual\x_loop\cthmm\20260505_014342_cthmm_together_x_loop_run\teacher_predictions.npz,contiguous_blocks,186000,1,mean_dwell_windows,91,200,4.415731032642319,5.673490246062181,7.0568174196865625,5.687241241484711,0.6966784462531023,1.8563327032136105,52.86486486486486
individual,x_loop,cthmm,gpu_cthmm,individual\individual\x_loop\cthmm\20260505_014342_cthmm_together_x_loop_run\teacher_predictions.npz,contiguous_blocks,186000,1,median_dwell_windows,91,200,1.9228021978021979,2.2554945054945055,2.605082417582418,2.2624175824175823,0.17656829395572407,1.0,13.0
individual,x_loop,cthmm,gpu_cthmm,individual\individual\x_loop\cthmm\20260505_014342_cthmm_together_x_loop_run\teacher_predictions.npz,contiguous_blocks,186000,1,p90_dwell_windows,91,200,11.304587912087912,15.534615384615389,22.034505494505495,15.86429120879121,2.901340757604589,3.0,232.79999999999984
individual,x_loop,hsmm,gpu_hsmm_duration,individual\individual\x_loop\hsmm\20260505_015629_hsmm_together_x_loop_run\hsmm_predictions.npz,sequence_id,27900,1,mean_dwell_windows,822,200,16.656223822558218,17.593633414436333,18.266028559842425,17.537342095353956,0.41956392970490025,1.0,30.0
individual,x_loop,hsmm,gpu_hsmm_duration,individual\individual\x_loop\hsmm\20260505_015629_hsmm_together_x_loop_run\hsmm_predictions.npz,sequence_id,27900,1,median_dwell_windows,822,200,16.400228102189782,17.28102189781022,18.225486618004865,17.293570559610703,0.454703936869161,1.0,30.0
individual,x_loop,hsmm,gpu_hsmm_duration,individual\individual\x_loop\hsmm\20260505_015629_hsmm_together_x_loop_run\hsmm_predictions.npz,sequence_id,27900,1,p90_dwell_windows,822,200,18.362664233576645,19.139598540145986,19.942551703163016,19.1623096107056,0.3924490523110791,1.0,30.0
individual,x_loop,hsmm,gpu_hsmm_duration,individual\individual\x_loop\hsmm\20260505_015629_hsmm_together_x_loop_run\hsmm_predictions.npz,sequence_id,27900,0,mean_dwell_windows,552,200,9.19485927795031,9.973856970324363,11.00526138716356,10.02553603778468,0.4398397838553635,1.0,30.0
individual,x_loop,hsmm,gpu_hsmm_duration,individual\individual\x_loop\hsmm\20260505_015629_hsmm_together_x_loop_run\hsmm_predictions.npz,sequence_id,27900,0,median_dwell_windows,552,200,8.807042572463768,9.78125,10.734239130434782,9.76302536231884,0.4754117027002927,1.0,30.0
individual,x_loop,hsmm,gpu_hsmm_duration,individual\individual\x_loop\hsmm\20260505_015629_hsmm_together_x_loop_run\hsmm_predictions.npz,sequence_id,27900,0,p90_dwell_windows,552,200,10.902146739130435,11.728260869565219,12.541173007246377,11.717252717391304,0.415437756792324,1.0,30.0
individual,z_loop,cthmm,gpu_cthmm,individual\individual\z_loop\cthmm\20260505_024243_cthmm_together_z_loop_run\teacher_predictions.npz,contiguous_blocks,15015,0,mean_dwell_windows,8,200,3.581983392394232,5.777901541286207,8.13571729430518,5.729034509647615,1.398345624255283,2.49601593625498,11.598130841121495
individual,z_loop,cthmm,gpu_cthmm,individual\individual\z_loop\cthmm\20260505_024243_cthmm_together_z_loop_run\teacher_predictions.npz,contiguous_blocks,15015,0,median_dwell_windows,8,200,2.5,3.75,5.625,3.745,0.8049236051019073,2.0,7.0
individual,z_loop,cthmm,gpu_cthmm,individual\individual\z_loop\cthmm\20260505_024243_cthmm_together_z_loop_run\teacher_predictions.npz,contiguous_blocks,15015,0,p90_dwell_windows,8,200,7.5000000000000036,13.25,19.55937500000002,13.072500000000005,3.5790683004795394,5.0,30.0
individual,z_loop,cthmm,gpu_cthmm,individual\individual\z_loop\cthmm\20260505_024243_cthmm_together_z_loop_run\teacher_predictions.npz,contiguous_blocks,15015,1,mean_dwell_windows,8,200,1.806506948315556,3.5757587464832423,5.389837239772933,3.6123976079937323,0.9025431123088072,1.5836653386454183,7.613207547169812
individual,z_loop,cthmm,gpu_cthmm,individual\individual\z_loop\cthmm\20260505_024243_cthmm_together_z_loop_run\teacher_predictions.npz,contiguous_blocks,15015,1,median_dwell_windows,8,200,1.365625,2.6875,4.1875,2.6884375,0.796715085195858,1.0,7.0
individual,z_loop,cthmm,gpu_cthmm,individual\individual\z_loop\cthmm\20260505_024243_cthmm_together_z_loop_run\teacher_predictions.npz,contiguous_blocks,15015,1,p90_dwell_windows,8,200,3.0500000000000043,6.875,10.75,6.789000000000005,1.8812728236983398,3.0,14.0
individual,z_loop,hsmm,gpu_hsmm_duration,individual\individual\z_loop\hsmm\20260505_024835_hsmm_together_z_loop_run\hsmm_predictions.npz,sequence_id,2254,0,mean_dwell_windows,241,200,5.5075034578146616,5.73789764868603,5.949100968188105,5.735369986168742,0.11952746255315555,1.0,7.0
individual,z_loop,hsmm,gpu_hsmm_duration,individual\individual\z_loop\hsmm\20260505_024835_hsmm_together_z_loop_run\hsmm_predictions.npz,sequence_id,2254,0,median_dwell_windows,241,200,5.443620331950208,5.711618257261411,5.958661825726141,5.711151452282158,0.13611136378000194,1.0,7.0
individual,z_loop,hsmm,gpu_hsmm_duration,individual\individual\z_loop\hsmm\20260505_024835_hsmm_together_z_loop_run\hsmm_predictions.npz,sequence_id,2254,0,p90_dwell_windows,241,200,5.5699896265560165,5.792116182572614,6.076483402489627,5.799356846473029,0.13313680182833365,1.0,7.0
individual,z_loop,hsmm,gpu_hsmm_duration,individual\individual\z_loop\hsmm\20260505_024835_hsmm_together_z_loop_run\hsmm_predictions.npz,sequence_id,2254,1,mean_dwell_windows,153,200,4.477314814814815,4.8464052287581705,5.234313725490197,4.84181917211329,0.20151511492917656,1.0,7.0
individual,z_loop,hsmm,gpu_hsmm_duration,individual\individual\z_loop\hsmm\20260505_024835_hsmm_together_z_loop_run\hsmm_predictions.npz,sequence_id,2254,1,median_dwell_windows,153,200,4.4507352941176475,4.867647058823529,5.206372549019608,4.858578431372549,0.1989927329023166,1.0,7.0
individual,z_loop,hsmm,gpu_hsmm_duration,individual\individual\z_loop\hsmm\20260505_024835_hsmm_together_z_loop_run\hsmm_predictions.npz,sequence_id,2254,1,p90_dwell_windows,153,200,4.613022875816993,4.977124183006536,5.318954248366013,4.975588235294117,0.18799364182556633,1.0,7.0
