bundle,family,stage,model,bin,n_bin_predictions,sample_index_min,sample_index_max,source_file,state_0_occupancy,state_1_occupancy,mean_confidence,mean_entropy_bits,switch_rate
pipeline,parity,01_cthmm,gpu_cthmm,0,70148,0,70147,pipeline\pipeline\parity\01_cthmm\20260505_025817_cthmm_together_parity_family\teacher_predictions.npz,0.014497918686206307,0.9855020813137937,0.9919493760385311,0.025397706439793527,0.02899625073060858
pipeline,parity,01_cthmm,gpu_cthmm,1,70148,70148,140295,pipeline\pipeline\parity\01_cthmm\20260505_025817_cthmm_together_parity_family\teacher_predictions.npz,0.0144836631122769,0.9855163368877231,0.9917953970267508,0.027065317792687237,0.028967739176301195
pipeline,parity,01_cthmm,gpu_cthmm,2,70148,140296,210443,pipeline\pipeline\parity\01_cthmm\20260505_025817_cthmm_together_parity_family\teacher_predictions.npz,0.0144836631122769,0.9855163368877231,0.9917983276484976,0.027015765285555934,0.028967739176301195
pipeline,parity,01_cthmm,gpu_cthmm,3,70148,210444,280591,pipeline\pipeline\parity\01_cthmm\20260505_025817_cthmm_together_parity_family\teacher_predictions.npz,0.37758738666818725,0.6224126133318127,0.9943384539316635,0.020181578192770323,0.01831867364249362
pipeline,parity,01_cthmm,gpu_cthmm,4,70148,280592,350739,pipeline\pipeline\parity\01_cthmm\20260505_025817_cthmm_together_parity_family\teacher_predictions.npz,1.0,0.0,0.9998213418995143,0.0015322259505068296,0.0
pipeline,parity,01_cthmm,gpu_cthmm,5,70148,350740,420887,pipeline\pipeline\parity\01_cthmm\20260505_025817_cthmm_together_parity_family\teacher_predictions.npz,1.0,0.0,0.999954893858782,0.0004535343718748628,0.0
pipeline,parity,01_cthmm,gpu_cthmm,6,70148,420888,491035,pipeline\pipeline\parity\01_cthmm\20260505_025817_cthmm_together_parity_family\teacher_predictions.npz,1.0,0.0,0.9997712247731741,0.0020354917607970278,0.0
pipeline,parity,01_cthmm,gpu_cthmm,7,70148,491036,561183,pipeline\pipeline\parity\01_cthmm\20260505_025817_cthmm_together_parity_family\teacher_predictions.npz,1.0,0.0,0.9996502824616675,0.0027730242795007123,0.0
pipeline,parity,01_cthmm,gpu_cthmm,8,70148,561184,631331,pipeline\pipeline\parity\01_cthmm\20260505_025817_cthmm_together_parity_family\teacher_predictions.npz,1.0,0.0,0.9999998321446262,1.735702038917166e-06,0.0
pipeline,parity,01_cthmm,gpu_cthmm,9,70148,631332,701479,pipeline\pipeline\parity\01_cthmm\20260505_025817_cthmm_together_parity_family\teacher_predictions.npz,1.0,0.0,0.9999997115749695,3.123121840116031e-06,0.0
pipeline,parity,02_cnn_gru_independent,cnn_gru,0,70148,0,96243,pipeline\pipeline\parity\02_cnn_gru_independent\20260505_031909_cnn_gru_together_parity_family\predictions_cnn_independent.npz,0.9999857444260706,1.4255573929406397e-05,0.5076151326032758,0.9998274408729391,2.8511554307383067e-05
pipeline,parity,02_cnn_gru_independent,cnn_gru,1,70148,10764,159349,pipeline\pipeline\parity\02_cnn_gru_independent\20260505_031909_cnn_gru_together_parity_family\predictions_cnn_independent.npz,1.0,0.0,0.5080158407341328,0.9998102274477578,0.0
pipeline,parity,02_cnn_gru_independent,cnn_gru,2,70148,17940,222179,pipeline\pipeline\parity\02_cnn_gru_independent\20260505_031909_cnn_gru_together_parity_family\predictions_cnn_independent.npz,1.0,0.0,0.508457754057755,0.9997890245694053,0.0
pipeline,parity,02_cnn_gru_independent,cnn_gru,3,70148,25116,310413,pipeline\pipeline\parity\02_cnn_gru_independent\20260505_031909_cnn_gru_together_parity_family\predictions_cnn_independent.npz,1.0,0.0,0.5085169573279384,0.9997856940076979,0.0
pipeline,parity,02_cnn_gru_independent,cnn_gru,4,70148,261924,373151,pipeline\pipeline\parity\02_cnn_gru_independent\20260505_031909_cnn_gru_together_parity_family\predictions_cnn_independent.npz,1.0,0.0,0.508714933586262,0.9997776151877026,0.0
pipeline,parity,02_cnn_gru_independent,cnn_gru,5,70148,269100,436349,pipeline\pipeline\parity\02_cnn_gru_independent\20260505_031909_cnn_gru_together_parity_family\predictions_cnn_independent.npz,1.0,0.0,0.5091404306624834,0.9997555605102947,0.0
pipeline,parity,02_cnn_gru_independent,cnn_gru,6,70148,276276,502319,pipeline\pipeline\parity\02_cnn_gru_independent\20260505_031909_cnn_gru_together_parity_family\predictions_cnn_independent.npz,1.0,0.0,0.5095371786888835,0.9997347714477676,0.0
pipeline,parity,02_cnn_gru_independent,cnn_gru,7,70148,279864,580943,pipeline\pipeline\parity\02_cnn_gru_independent\20260505_031909_cnn_gru_together_parity_family\predictions_cnn_independent.npz,1.0,0.0,0.5090760311108941,0.9997587703856948,0.0
pipeline,parity,02_cnn_gru_independent,cnn_gru,8,70148,517608,644695,pipeline\pipeline\parity\02_cnn_gru_independent\20260505_031909_cnn_gru_together_parity_family\predictions_cnn_independent.npz,1.0,0.0,0.5097244225670553,0.9997240755658876,0.0
pipeline,parity,02_cnn_gru_independent,cnn_gru,9,70148,523126,701479,pipeline\pipeline\parity\02_cnn_gru_independent\20260505_031909_cnn_gru_together_parity_family\predictions_cnn_independent.npz,1.0,0.0,0.5102413183638652,0.9996938240068461,0.0
pipeline,parity,03_cnn_gru_teacher_assisted,cnn_gru,0,70148,0,96243,pipeline\pipeline\parity\03_cnn_gru_teacher_assisted\20260505_032709_cnn_gru_together_parity_family\predictions_cnn_teacher_assisted.npz,0.08040143696185209,0.9195985630381479,0.9108612102516879,0.307513153367729,0.11644118779135244
pipeline,parity,03_cnn_gru_teacher_assisted,cnn_gru,1,70148,10764,159349,pipeline\pipeline\parity\03_cnn_gru_teacher_assisted\20260505_032709_cnn_gru_together_parity_family\predictions_cnn_teacher_assisted.npz,0.08827051377088442,0.9117294862291155,0.9057137200977088,0.32476905682914237,0.1274466477540023
pipeline,parity,03_cnn_gru_teacher_assisted,cnn_gru,2,70148,17940,222179,pipeline\pipeline\parity\03_cnn_gru_teacher_assisted\20260505_032709_cnn_gru_together_parity_family\predictions_cnn_teacher_assisted.npz,0.11800764098762616,0.8819923590123738,0.886322622280637,0.38277855608962646,0.16234479022623918
pipeline,parity,03_cnn_gru_teacher_assisted,cnn_gru,3,70148,25116,310413,pipeline\pipeline\parity\03_cnn_gru_teacher_assisted\20260505_032709_cnn_gru_together_parity_family\predictions_cnn_teacher_assisted.npz,0.40528596681302387,0.5947140331869761,0.866757584353493,0.4400173880139531,0.1814760431664932
pipeline,parity,03_cnn_gru_teacher_assisted,cnn_gru,4,70148,261924,373151,pipeline\pipeline\parity\03_cnn_gru_teacher_assisted\20260505_032709_cnn_gru_together_parity_family\predictions_cnn_teacher_assisted.npz,0.86551291554998,0.13448708445001994,0.8694303067999133,0.43836134721502296,0.14019131252940253
pipeline,parity,03_cnn_gru_teacher_assisted,cnn_gru,5,70148,269100,436349,pipeline\pipeline\parity\03_cnn_gru_teacher_assisted\20260505_032709_cnn_gru_together_parity_family\predictions_cnn_teacher_assisted.npz,0.8893910018817358,0.11060899811826425,0.8805774608677412,0.40775288692783357,0.1224286141959029
pipeline,parity,03_cnn_gru_teacher_assisted,cnn_gru,6,70148,276276,502319,pipeline\pipeline\parity\03_cnn_gru_teacher_assisted\20260505_032709_cnn_gru_together_parity_family\predictions_cnn_teacher_assisted.npz,0.9095768945657752,0.09042310543422478,0.8925408846487605,0.37250731068949156,0.103382895918571
pipeline,parity,03_cnn_gru_teacher_assisted,cnn_gru,7,70148,279864,580943,pipeline\pipeline\parity\03_cnn_gru_teacher_assisted\20260505_032709_cnn_gru_together_parity_family\predictions_cnn_teacher_assisted.npz,0.9650595882990249,0.03494041170097508,0.9639452414154538,0.12547575916179246,0.03780632101158995
pipeline,parity,03_cnn_gru_teacher_assisted,cnn_gru,8,70148,517608,644695,pipeline\pipeline\parity\03_cnn_gru_teacher_assisted\20260505_032709_cnn_gru_together_parity_family\predictions_cnn_teacher_assisted.npz,0.9994012658949649,0.0005987341050350687,0.9977550134551344,0.011093115873197506,0.001197485280910089
pipeline,parity,03_cnn_gru_teacher_assisted,cnn_gru,9,70148,523126,701479,pipeline\pipeline\parity\03_cnn_gru_teacher_assisted\20260505_032709_cnn_gru_together_parity_family\predictions_cnn_teacher_assisted.npz,0.9992444545817415,0.0007555454182585391,0.9974216685542809,0.013031252863549359,0.0013970661610617702
pipeline,parity,04_hsmm_using_cnn_embeddings,gpu_hsmm_duration,0,7018,72,96865,pipeline\pipeline\parity\04_hsmm_using_cnn_embeddings\20260505_034648_hsmm_together_parity_family\hsmm_predictions.npz,0.0,1.0,nan,nan,0.0
pipeline,parity,04_hsmm_using_cnn_embeddings,gpu_hsmm_duration,1,7018,10828,160257,pipeline\pipeline\parity\04_hsmm_using_cnn_embeddings\20260505_034648_hsmm_together_parity_family\hsmm_predictions.npz,0.0,1.0,nan,nan,0.0
pipeline,parity,04_hsmm_using_cnn_embeddings,gpu_hsmm_duration,2,7018,17960,223995,pipeline\pipeline\parity\04_hsmm_using_cnn_embeddings\20260505_034648_hsmm_together_parity_family\hsmm_predictions.npz,0.0,1.0,nan,nan,0.0
pipeline,parity,04_hsmm_using_cnn_embeddings,gpu_hsmm_duration,3,7018,25132,312239,pipeline\pipeline\parity\04_hsmm_using_cnn_embeddings\20260505_034648_hsmm_together_parity_family\hsmm_predictions.npz,0.41436306640068393,0.585636933599316,nan,nan,0.00014251104460595695
pipeline,parity,04_hsmm_using_cnn_embeddings,gpu_hsmm_duration,4,7017,261928,375439,pipeline\pipeline\parity\04_hsmm_using_cnn_embeddings\20260505_034648_hsmm_together_parity_family\hsmm_predictions.npz,1.0,0.0,nan,nan,0.0
pipeline,parity,04_hsmm_using_cnn_embeddings,gpu_hsmm_duration,5,7017,269134,437721,pipeline\pipeline\parity\04_hsmm_using_cnn_embeddings\20260505_034648_hsmm_together_parity_family\hsmm_predictions.npz,1.0,0.0,nan,nan,0.0
pipeline,parity,04_hsmm_using_cnn_embeddings,gpu_hsmm_duration,6,7017,276402,502362,pipeline\pipeline\parity\04_hsmm_using_cnn_embeddings\20260505_034648_hsmm_together_parity_family\hsmm_predictions.npz,1.0,0.0,nan,nan,0.0
pipeline,parity,04_hsmm_using_cnn_embeddings,gpu_hsmm_duration,7,7017,279878,581877,pipeline\pipeline\parity\04_hsmm_using_cnn_embeddings\20260505_034648_hsmm_together_parity_family\hsmm_predictions.npz,1.0,0.0,nan,nan,0.0
pipeline,parity,04_hsmm_using_cnn_embeddings,gpu_hsmm_duration,8,7017,517625,644687,pipeline\pipeline\parity\04_hsmm_using_cnn_embeddings\20260505_034648_hsmm_together_parity_family\hsmm_predictions.npz,0.9988599116431524,0.0011400883568476556,nan,nan,0.002280501710376283
pipeline,parity,04_hsmm_using_cnn_embeddings,gpu_hsmm_duration,9,7017,523226,701474,pipeline\pipeline\parity\04_hsmm_using_cnn_embeddings\20260505_034648_hsmm_together_parity_family\hsmm_predictions.npz,0.9018098902664956,0.09819010973350435,nan,nan,0.13255416191562144
pipeline,parity,05_dmm,dmm,0,70148,0,96243,pipeline\pipeline\parity\05_dmm\20260505_040832_dmm_together_parity_family\predictions_dmm.npz,0.0005559673832468495,0.9994440326167532,0.9997723672266879,0.0009945795474055477,0.0010834390636805565
pipeline,parity,05_dmm,dmm,1,70148,10764,159349,pipeline\pipeline\parity\05_dmm\20260505_040832_dmm_together_parity_family\predictions_dmm.npz,0.001539601984375891,0.9984603980156241,0.9997582626696588,0.001052195194942548,0.0030507363108899883
pipeline,parity,05_dmm,dmm,2,70148,17940,222179,pipeline\pipeline\parity\05_dmm\20260505_040832_dmm_together_parity_family\predictions_dmm.npz,0.001796202315105206,0.9982037976848948,0.9995938238133969,0.0015185188325186156,0.0035924558427302663
pipeline,parity,05_dmm,dmm,3,70148,25116,310413,pipeline\pipeline\parity\05_dmm\20260505_040832_dmm_together_parity_family\predictions_dmm.npz,0.3694617095284256,0.6305382904715744,0.9975240035019205,0.009018572626638586,0.0080830256461431
pipeline,parity,05_dmm,dmm,4,70148,261924,373151,pipeline\pipeline\parity\05_dmm\20260505_040832_dmm_together_parity_family\predictions_dmm.npz,0.9982893311284712,0.0017106688715287678,0.998640100750642,0.005222647402504543,0.0023379474532054115
pipeline,parity,05_dmm,dmm,5,70148,269100,436349,pipeline\pipeline\parity\05_dmm\20260505_040832_dmm_together_parity_family\predictions_dmm.npz,0.9986884871984946,0.0013115128015053887,0.9988139508147736,0.004689465657924354,0.0018817625842872823
pipeline,parity,05_dmm,dmm,6,70148,276276,502319,pipeline\pipeline\parity\05_dmm\20260505_040832_dmm_together_parity_family\predictions_dmm.npz,0.9991304099903062,0.0008695900096937903,0.9991282474135105,0.0036317521688785962,0.0012259968352174718
pipeline,parity,05_dmm,dmm,7,70148,279864,580943,pipeline\pipeline\parity\05_dmm\20260505_040832_dmm_together_parity_family\predictions_dmm.npz,0.999686377373553,0.00031362262644694076,0.9996787563587476,0.001276522961045538,0.00048469642322551215
pipeline,parity,05_dmm,dmm,8,70148,517608,644695,pipeline\pipeline\parity\05_dmm\20260505_040832_dmm_together_parity_family\predictions_dmm.npz,1.0,0.0,0.9999999887482935,1.463614981344931e-07,0.0
pipeline,parity,05_dmm,dmm,9,70148,523126,701479,pipeline\pipeline\parity\05_dmm\20260505_040832_dmm_together_parity_family\predictions_dmm.npz,1.0,0.0,0.9999999996125375,7.723109778365094e-09,0.0
pipeline,x_loop,01_cthmm,gpu_cthmm,0,18600,0,18599,pipeline\pipeline\x_loop\01_cthmm\20260505_091222_cthmm_together_x_loop_family\teacher_predictions.npz,0.09161290322580645,0.9083870967741936,0.6568032480471878,0.8955693145844614,0.04779826872412495
pipeline,x_loop,01_cthmm,gpu_cthmm,1,18600,18600,37199,pipeline\pipeline\x_loop\01_cthmm\20260505_091222_cthmm_together_x_loop_family\teacher_predictions.npz,0.2559677419354839,0.7440322580645161,0.6059925925891887,0.9520606544245623,0.08005806763804506
pipeline,x_loop,01_cthmm,gpu_cthmm,2,18600,37200,55799,pipeline\pipeline\x_loop\01_cthmm\20260505_091222_cthmm_together_x_loop_family\teacher_predictions.npz,0.3644086021505376,0.6355913978494624,0.6010050658545186,0.9546189617053472,0.09177912791010269
pipeline,x_loop,01_cthmm,gpu_cthmm,3,18600,55800,74399,pipeline\pipeline\x_loop\01_cthmm\20260505_091222_cthmm_together_x_loop_family\teacher_predictions.npz,0.4718817204301075,0.5281182795698924,0.5973587626154705,0.9603617344495081,0.09108016560030109
pipeline,x_loop,01_cthmm,gpu_cthmm,4,18600,74400,92999,pipeline\pipeline\x_loop\01_cthmm\20260505_091222_cthmm_together_x_loop_family\teacher_predictions.npz,0.6156451612903225,0.3843548387096774,0.5943450995061987,0.9617267623810207,0.0924780902199043
pipeline,x_loop,01_cthmm,gpu_cthmm,5,18600,93000,111599,pipeline\pipeline\x_loop\01_cthmm\20260505_091222_cthmm_together_x_loop_family\teacher_predictions.npz,0.6612903225806451,0.3387096774193548,0.6033484512375247,0.9548435712029917,0.07957417065433625
pipeline,x_loop,01_cthmm,gpu_cthmm,6,18600,111600,130199,pipeline\pipeline\x_loop\01_cthmm\20260505_091222_cthmm_together_x_loop_family\teacher_predictions.npz,0.6896774193548387,0.3103225806451613,0.6011670619505708,0.9535421428451223,0.09473627614387871
pipeline,x_loop,01_cthmm,gpu_cthmm,7,18600,130200,148799,pipeline\pipeline\x_loop\01_cthmm\20260505_091222_cthmm_together_x_loop_family\teacher_predictions.npz,0.7280645161290322,0.2719354838709677,0.6124442001151782,0.9454684590295148,0.06849830636055702
pipeline,x_loop,01_cthmm,gpu_cthmm,8,18600,148800,167399,pipeline\pipeline\x_loop\01_cthmm\20260505_091222_cthmm_together_x_loop_family\teacher_predictions.npz,0.6665591397849462,0.33344086021505376,0.6009399531188832,0.9545069986914353,0.08634872842625947
pipeline,x_loop,01_cthmm,gpu_cthmm,9,18600,167400,185999,pipeline\pipeline\x_loop\01_cthmm\20260505_091222_cthmm_together_x_loop_family\teacher_predictions.npz,0.5433333333333333,0.45666666666666667,0.5951933564678316,0.9608836266359027,0.0951664067960643
pipeline,x_loop,02_cnn_gru_independent,cnn_gru,0,18600,0,133799,pipeline\pipeline\x_loop\02_cnn_gru_independent\20260505_092006_cnn_gru_together_x_loop_family\predictions_cnn_independent.npz,0.9991935483870967,0.0008064516129032258,0.504314417441686,0.9999387865350357,0.0010753266304640034
pipeline,x_loop,02_cnn_gru_independent,cnn_gru,1,18600,14400,151199,pipeline\pipeline\x_loop\02_cnn_gru_independent\20260505_092006_cnn_gru_together_x_loop_family\predictions_cnn_independent.npz,0.9999462365591398,5.3763440860215054e-05,0.5048031366127793,0.999925667661075,0.00010753266304640035
pipeline,x_loop,02_cnn_gru_independent,cnn_gru,2,18600,15600,167999,pipeline\pipeline\x_loop\02_cnn_gru_independent\20260505_092006_cnn_gru_together_x_loop_family\predictions_cnn_independent.npz,0.9999462365591398,5.3763440860215054e-05,0.5048420278487668,0.9999242290089911,0.00010753266304640035
pipeline,x_loop,02_cnn_gru_independent,cnn_gru,3,18600,17400,184799,pipeline\pipeline\x_loop\02_cnn_gru_independent\20260505_092006_cnn_gru_together_x_loop_family\predictions_cnn_independent.npz,0.9998924731182796,0.00010752688172043011,0.5052274589288619,0.9999124949797316,0.0002150653260928007
pipeline,x_loop,02_cnn_gru_independent,cnn_gru,4,18600,2400,185999,pipeline\pipeline\x_loop\02_cnn_gru_independent\20260505_092006_cnn_gru_together_x_loop_family\predictions_cnn_independent.npz,0.9986559139784946,0.0013440860215053765,0.503563948286477,0.9999569661049579,0.0020431205978816065
pipeline,x_loop,02_cnn_gru_independent,cnn_gru,5,18600,3600,51599,pipeline\pipeline\x_loop\02_cnn_gru_independent\20260505_092006_cnn_gru_together_x_loop_family\predictions_cnn_independent.npz,0.9993548387096775,0.0006451612903225806,0.5037129114039482,0.9999545617381627,0.0006451959782784021
pipeline,x_loop,02_cnn_gru_independent,cnn_gru,6,18600,6000,68999,pipeline\pipeline\x_loop\02_cnn_gru_independent\20260505_092006_cnn_gru_together_x_loop_family\predictions_cnn_independent.npz,0.9996236559139785,0.0003763440860215054,0.5038285609246582,0.9999516170719993,0.0006451959782784021
pipeline,x_loop,02_cnn_gru_independent,cnn_gru,7,18600,7200,85199,pipeline\pipeline\x_loop\02_cnn_gru_independent\20260505_092006_cnn_gru_together_x_loop_family\predictions_cnn_independent.npz,0.9991397849462366,0.0008602150537634409,0.5038777744577777,0.9999504109470624,0.0011828592935104038
pipeline,x_loop,02_cnn_gru_independent,cnn_gru,8,18600,9600,102599,pipeline\pipeline\x_loop\02_cnn_gru_independent\20260505_092006_cnn_gru_together_x_loop_family\predictions_cnn_independent.npz,0.9998924731182796,0.00010752688172043011,0.5041893122625607,0.9999424640573776,0.0002150653260928007
pipeline,x_loop,02_cnn_gru_independent,cnn_gru,9,18600,10800,119999,pipeline\pipeline\x_loop\02_cnn_gru_independent\20260505_092006_cnn_gru_together_x_loop_family\predictions_cnn_independent.npz,0.9998387096774194,0.00016129032258064516,0.5043205022427344,0.9999392936607574,0.00032259798913920104
pipeline,x_loop,03_cnn_gru_teacher_assisted,cnn_gru,0,18600,0,133799,pipeline\pipeline\x_loop\03_cnn_gru_teacher_assisted\20260505_092550_cnn_gru_together_x_loop_family\predictions_cnn_teacher_assisted.npz,0.5384946236559139,0.461505376344086,0.606618896242111,0.947480119219578,0.07231571589870422
pipeline,x_loop,03_cnn_gru_teacher_assisted,cnn_gru,1,18600,14400,151199,pipeline\pipeline\x_loop\03_cnn_gru_teacher_assisted\20260505_092550_cnn_gru_together_x_loop_family\predictions_cnn_teacher_assisted.npz,0.676505376344086,0.32349462365591397,0.5878954511336101,0.9612545173902876,0.09731706005699231
pipeline,x_loop,03_cnn_gru_teacher_assisted,cnn_gru,2,18600,15600,167999,pipeline\pipeline\x_loop\03_cnn_gru_teacher_assisted\20260505_092550_cnn_gru_together_x_loop_family\predictions_cnn_teacher_assisted.npz,0.5472043010752689,0.4527956989247312,0.5920785829520995,0.9624688258813002,0.0629603742136674
pipeline,x_loop,03_cnn_gru_teacher_assisted,cnn_gru,3,18600,17400,184799,pipeline\pipeline\x_loop\03_cnn_gru_teacher_assisted\20260505_092550_cnn_gru_together_x_loop_family\predictions_cnn_teacher_assisted.npz,0.48016129032258065,0.5198387096774194,0.5839165240141653,0.9692548157517955,0.063390504865853
pipeline,x_loop,03_cnn_gru_teacher_assisted,cnn_gru,4,18600,2400,185999,pipeline\pipeline\x_loop\03_cnn_gru_teacher_assisted\20260505_092550_cnn_gru_together_x_loop_family\predictions_cnn_teacher_assisted.npz,0.19182795698924732,0.8081720430107527,0.6211271672287295,0.940604510540837,0.04715307274584655
pipeline,x_loop,03_cnn_gru_teacher_assisted,cnn_gru,5,18600,3600,51599,pipeline\pipeline\x_loop\03_cnn_gru_teacher_assisted\20260505_092550_cnn_gru_together_x_loop_family\predictions_cnn_teacher_assisted.npz,0.26704301075268816,0.7329569892473118,0.5972225494506539,0.961555733887267,0.05236840690359697
pipeline,x_loop,03_cnn_gru_teacher_assisted,cnn_gru,6,18600,6000,68999,pipeline\pipeline\x_loop\03_cnn_gru_teacher_assisted\20260505_092550_cnn_gru_together_x_loop_family\predictions_cnn_teacher_assisted.npz,0.39370967741935486,0.6062903225806452,0.5838173969490553,0.971374770855947,0.0646271304908866
pipeline,x_loop,03_cnn_gru_teacher_assisted,cnn_gru,7,18600,7200,85199,pipeline\pipeline\x_loop\03_cnn_gru_teacher_assisted\20260505_092550_cnn_gru_together_x_loop_family\predictions_cnn_teacher_assisted.npz,0.456505376344086,0.5434946236559139,0.5939141602605902,0.9622685313510431,0.0622614119038658
pipeline,x_loop,03_cnn_gru_teacher_assisted,cnn_gru,8,18600,9600,102599,pipeline\pipeline\x_loop\03_cnn_gru_teacher_assisted\20260505_092550_cnn_gru_together_x_loop_family\predictions_cnn_teacher_assisted.npz,0.6036559139784946,0.3963440860215054,0.5833974707703437,0.966250738478645,0.07989676864347546
pipeline,x_loop,03_cnn_gru_teacher_assisted,cnn_gru,9,18600,10800,119999,pipeline\pipeline\x_loop\03_cnn_gru_teacher_assisted\20260505_092550_cnn_gru_together_x_loop_family\predictions_cnn_teacher_assisted.npz,0.6344623655913979,0.36553763440860215,0.5907074983914693,0.9608104010902807,0.08161729125221787
pipeline,x_loop,04_hsmm_using_cnn_embeddings,gpu_hsmm_duration,0,1860,420,130589,pipeline\pipeline\x_loop\04_hsmm_using_cnn_embeddings\20260505_093246_hsmm_together_x_loop_family\hsmm_predictions.npz,0.3946236559139785,0.6053763440860215,nan,nan,0.07315761161915008
pipeline,x_loop,04_hsmm_using_cnn_embeddings,gpu_hsmm_duration,1,1860,13620,148349,pipeline\pipeline\x_loop\04_hsmm_using_cnn_embeddings\20260505_093246_hsmm_together_x_loop_family\hsmm_predictions.npz,0.4268817204301075,0.5731182795698925,nan,nan,0.1043571812802582
pipeline,x_loop,04_hsmm_using_cnn_embeddings,gpu_hsmm_duration,2,1860,15810,164969,pipeline\pipeline\x_loop\04_hsmm_using_cnn_embeddings\20260505_093246_hsmm_together_x_loop_family\hsmm_predictions.npz,0.3209677419354839,0.6790322580645162,nan,nan,0.10919849381387843
pipeline,x_loop,04_hsmm_using_cnn_embeddings,gpu_hsmm_duration,3,1860,16800,183929,pipeline\pipeline\x_loop\04_hsmm_using_cnn_embeddings\20260505_093246_hsmm_together_x_loop_family\hsmm_predictions.npz,0.2456989247311828,0.7543010752688172,nan,nan,0.06724045185583648
pipeline,x_loop,04_hsmm_using_cnn_embeddings,gpu_hsmm_duration,4,1860,2520,185579,pipeline\pipeline\x_loop\04_hsmm_using_cnn_embeddings\20260505_093246_hsmm_together_x_loop_family\hsmm_predictions.npz,0.13709677419354838,0.8629032258064516,nan,nan,0.057019903173749324
pipeline,x_loop,04_hsmm_using_cnn_embeddings,gpu_hsmm_duration,5,1860,3750,47459,pipeline\pipeline\x_loop\04_hsmm_using_cnn_embeddings\20260505_093246_hsmm_together_x_loop_family\hsmm_predictions.npz,0.17311827956989248,0.8268817204301075,nan,nan,0.08606777837547068
pipeline,x_loop,04_hsmm_using_cnn_embeddings,gpu_hsmm_duration,6,1860,5490,66059,pipeline\pipeline\x_loop\04_hsmm_using_cnn_embeddings\20260505_093246_hsmm_together_x_loop_family\hsmm_predictions.npz,0.19086021505376344,0.8091397849462365,nan,nan,0.06347498655190963
pipeline,x_loop,04_hsmm_using_cnn_embeddings,gpu_hsmm_duration,7,1860,7380,83579,pipeline\pipeline\x_loop\04_hsmm_using_cnn_embeddings\20260505_093246_hsmm_together_x_loop_family\hsmm_predictions.npz,0.33763440860215055,0.6623655913978495,nan,nan,0.07961269499731038
pipeline,x_loop,04_hsmm_using_cnn_embeddings,gpu_hsmm_duration,8,1860,8430,100229,pipeline\pipeline\x_loop\04_hsmm_using_cnn_embeddings\20260505_093246_hsmm_together_x_loop_family\hsmm_predictions.npz,0.3967741935483871,0.603225806451613,nan,nan,0.09628832705755783
pipeline,x_loop,04_hsmm_using_cnn_embeddings,gpu_hsmm_duration,9,1860,10800,119969,pipeline\pipeline\x_loop\04_hsmm_using_cnn_embeddings\20260505_093246_hsmm_together_x_loop_family\hsmm_predictions.npz,0.3543010752688172,0.6456989247311828,nan,nan,0.09090909090909091
pipeline,x_loop,05_dmm,dmm,0,18600,0,133799,pipeline\pipeline\x_loop\05_dmm\20260505_094130_dmm_together_x_loop_family\predictions_dmm.npz,0.0,1.0,0.5142942330048931,0.9993938641152923,0.0
pipeline,x_loop,05_dmm,dmm,1,18600,14400,151199,pipeline\pipeline\x_loop\05_dmm\20260505_094130_dmm_together_x_loop_family\predictions_dmm.npz,0.0,1.0,0.5141641458997163,0.9994054784590586,0.0
pipeline,x_loop,05_dmm,dmm,2,18600,15600,167999,pipeline\pipeline\x_loop\05_dmm\20260505_094130_dmm_together_x_loop_family\predictions_dmm.npz,0.0,1.0,0.514203234439896,0.9994025943054853,0.0
pipeline,x_loop,05_dmm,dmm,3,18600,17400,184799,pipeline\pipeline\x_loop\05_dmm\20260505_094130_dmm_together_x_loop_family\predictions_dmm.npz,0.0,1.0,0.5141337623551328,0.9994084986865834,0.0
pipeline,x_loop,05_dmm,dmm,4,18600,2400,185999,pipeline\pipeline\x_loop\05_dmm\20260505_094130_dmm_together_x_loop_family\predictions_dmm.npz,0.0,1.0,0.5143878620830915,0.9993844486771477,0.0
pipeline,x_loop,05_dmm,dmm,5,18600,3600,51599,pipeline\pipeline\x_loop\05_dmm\20260505_094130_dmm_together_x_loop_family\predictions_dmm.npz,0.0,1.0,0.5143213139778824,0.9993899573885214,0.0
pipeline,x_loop,05_dmm,dmm,6,18600,6000,68999,pipeline\pipeline\x_loop\05_dmm\20260505_094130_dmm_together_x_loop_family\predictions_dmm.npz,0.0,1.0,0.5143487979519752,0.9993883304859917,0.0
pipeline,x_loop,05_dmm,dmm,7,18600,7200,85199,pipeline\pipeline\x_loop\05_dmm\20260505_094130_dmm_together_x_loop_family\predictions_dmm.npz,0.0,1.0,0.5142251419091738,0.9993988691543931,0.0
pipeline,x_loop,05_dmm,dmm,8,18600,9600,102599,pipeline\pipeline\x_loop\05_dmm\20260505_094130_dmm_together_x_loop_family\predictions_dmm.npz,0.0,1.0,0.5143027728956233,0.9993931679375523,0.0
pipeline,x_loop,05_dmm,dmm,9,18600,10800,119999,pipeline\pipeline\x_loop\05_dmm\20260505_094130_dmm_together_x_loop_family\predictions_dmm.npz,0.0,1.0,0.514175292618813,0.9994039225667708,0.0
pipeline,z_loop,01_cthmm,gpu_cthmm,0,1502,0,1501,pipeline\pipeline\z_loop\01_cthmm\20260505_102554_cthmm_together_z_loop_family\teacher_predictions.npz,0.5625832223701731,0.4374167776298269,0.79915973230621,0.6347586626697203,0.0759493670886076
pipeline,z_loop,01_cthmm,gpu_cthmm,1,1502,1502,3003,pipeline\pipeline\z_loop\01_cthmm\20260505_102554_cthmm_together_z_loop_family\teacher_predictions.npz,0.59254327563249,0.40745672436750996,0.7953688582869249,0.648597562723481,0.07728181212524983
pipeline,z_loop,01_cthmm,gpu_cthmm,2,1502,3004,4505,pipeline\pipeline\z_loop\01_cthmm\20260505_102554_cthmm_together_z_loop_family\teacher_predictions.npz,0.5778961384820239,0.422103861517976,0.8286895959101092,0.5703578977078935,0.04330446369087275
pipeline,z_loop,01_cthmm,gpu_cthmm,3,1502,4506,6007,pipeline\pipeline\z_loop\01_cthmm\20260505_102554_cthmm_together_z_loop_family\teacher_predictions.npz,0.6837549933422103,0.3162450066577896,0.7740072767918659,0.7063448762332128,0.11792138574283811
pipeline,z_loop,01_cthmm,gpu_cthmm,4,1502,6008,7509,pipeline\pipeline\z_loop\01_cthmm\20260505_102554_cthmm_together_z_loop_family\teacher_predictions.npz,0.5745672436750998,0.42543275632490013,0.8386474028328922,0.5528656901417011,0.03530979347101932
pipeline,z_loop,01_cthmm,gpu_cthmm,5,1501,7510,9010,pipeline\pipeline\z_loop\01_cthmm\20260505_102554_cthmm_together_z_loop_family\teacher_predictions.npz,0.6895403064623584,0.3104596935376416,0.7731760927711147,0.7039159144330142,0.11933333333333333
pipeline,z_loop,01_cthmm,gpu_cthmm,6,1501,9011,10511,pipeline\pipeline\z_loop\01_cthmm\20260505_102554_cthmm_together_z_loop_family\teacher_predictions.npz,0.5929380413057961,0.40706195869420386,0.845955596178234,0.5291596636084974,0.046
pipeline,z_loop,01_cthmm,gpu_cthmm,7,1501,10512,12012,pipeline\pipeline\z_loop\01_cthmm\20260505_102554_cthmm_together_z_loop_family\teacher_predictions.npz,0.6455696202531646,0.35443037974683544,0.8022091931537498,0.6408645386622637,0.10333333333333333
pipeline,z_loop,01_cthmm,gpu_cthmm,8,1501,12013,13513,pipeline\pipeline\z_loop\01_cthmm\20260505_102554_cthmm_together_z_loop_family\teacher_predictions.npz,0.5802798134576949,0.41972018654230514,0.8376432733882038,0.5457444462682213,0.059333333333333335
pipeline,z_loop,01_cthmm,gpu_cthmm,9,1501,13514,15014,pipeline\pipeline\z_loop\01_cthmm\20260505_102554_cthmm_together_z_loop_family\teacher_predictions.npz,0.5689540306462358,0.43104596935376416,0.8084269604390657,0.6139086845363773,0.09266666666666666
pipeline,z_loop,02_cnn_gru_independent,cnn_gru,0,1502,0,3730,pipeline\pipeline\z_loop\02_cnn_gru_independent\20260505_102929_cnn_gru_together_z_loop_family\predictions_cnn_independent.npz,0.9940079893475366,0.005992010652463382,0.5082061840754533,0.9997964617547679,0.006662225183211193
pipeline,z_loop,02_cnn_gru_independent,cnn_gru,1,1502,3665,5187,pipeline\pipeline\z_loop\02_cnn_gru_independent\20260505_102929_cnn_gru_together_z_loop_family\predictions_cnn_independent.npz,0.9893475366178429,0.010652463382157125,0.5078856658919674,0.9998115688825797,0.015989340439706862
pipeline,z_loop,02_cnn_gru_independent,cnn_gru,2,1502,546,6460,pipeline\pipeline\z_loop\02_cnn_gru_independent\20260505_102929_cnn_gru_together_z_loop_family\predictions_cnn_independent.npz,0.988681757656458,0.011318242343541944,0.507767424364382,0.9998171177818904,0.015989340439706862
pipeline,z_loop,02_cnn_gru_independent,cnn_gru,3,1502,6396,7918,pipeline\pipeline\z_loop\02_cnn_gru_independent\20260505_102929_cnn_gru_together_z_loop_family\predictions_cnn_independent.npz,0.9793608521970706,0.020639147802929428,0.5071328365691651,0.9998406260234834,0.02798134576948701
pipeline,z_loop,02_cnn_gru_independent,cnn_gru,4,1502,819,9190,pipeline\pipeline\z_loop\02_cnn_gru_independent\20260505_102929_cnn_gru_together_z_loop_family\predictions_cnn_independent.npz,0.9613848202396804,0.03861517976031957,0.5066204107950594,0.9998582908787603,0.046635576282478344
pipeline,z_loop,02_cnn_gru_independent,cnn_gru,5,1501,9127,10648,pipeline\pipeline\z_loop\02_cnn_gru_independent\20260505_102929_cnn_gru_together_z_loop_family\predictions_cnn_independent.npz,0.9906728847435043,0.009327115256495669,0.5072914633569838,0.9998382906108808,0.014666666666666666
pipeline,z_loop,02_cnn_gru_independent,cnn_gru,6,1501,1092,11920,pipeline\pipeline\z_loop\02_cnn_gru_independent\20260505_102929_cnn_gru_together_z_loop_family\predictions_cnn_independent.npz,0.9760159893404398,0.023984010659560292,0.5069236463105814,0.9998500317233052,0.02266666666666667
pipeline,z_loop,02_cnn_gru_independent,cnn_gru,7,1501,11856,13377,pipeline\pipeline\z_loop\02_cnn_gru_independent\20260505_102929_cnn_gru_together_z_loop_family\predictions_cnn_independent.npz,0.9880079946702198,0.011992005329780146,0.5072602605438487,0.9998412219264157,0.009333333333333334
pipeline,z_loop,02_cnn_gru_independent,cnn_gru,8,1501,1365,14650,pipeline\pipeline\z_loop\02_cnn_gru_independent\20260505_102929_cnn_gru_together_z_loop_family\predictions_cnn_independent.npz,0.9580279813457695,0.04197201865423051,0.5064088747074094,0.9998685448953966,0.04533333333333334
pipeline,z_loop,02_cnn_gru_independent,cnn_gru,9,1501,1638,15014,pipeline\pipeline\z_loop\02_cnn_gru_independent\20260505_102929_cnn_gru_together_z_loop_family\predictions_cnn_independent.npz,0.9726848767488341,0.02731512325116589,0.5068996374325939,0.9998450124898817,0.03333333333333333
pipeline,z_loop,03_cnn_gru_teacher_assisted,cnn_gru,0,1502,0,3730,pipeline\pipeline\z_loop\03_cnn_gru_teacher_assisted\20260505_103215_cnn_gru_together_z_loop_family\predictions_cnn_teacher_assisted.npz,0.4933422103861518,0.5066577896138482,0.7150214958127424,0.8271616514714903,0.08261159227181879
pipeline,z_loop,03_cnn_gru_teacher_assisted,cnn_gru,1,1502,3665,5187,pipeline\pipeline\z_loop\03_cnn_gru_teacher_assisted\20260505_103215_cnn_gru_together_z_loop_family\predictions_cnn_teacher_assisted.npz,0.44806924101198403,0.551930758988016,0.7309302786853755,0.7994480026646781,0.11992005329780146
pipeline,z_loop,03_cnn_gru_teacher_assisted,cnn_gru,2,1502,546,6460,pipeline\pipeline\z_loop\03_cnn_gru_teacher_assisted\20260505_103215_cnn_gru_together_z_loop_family\predictions_cnn_teacher_assisted.npz,0.4640479360852197,0.5359520639147803,0.7272595632250871,0.805044549128913,0.10659560293137908
pipeline,z_loop,03_cnn_gru_teacher_assisted,cnn_gru,3,1502,6396,7918,pipeline\pipeline\z_loop\03_cnn_gru_teacher_assisted\20260505_103215_cnn_gru_together_z_loop_family\predictions_cnn_teacher_assisted.npz,0.5019973368841545,0.4980026631158455,0.7165953544738607,0.8173455775860539,0.10259826782145237
pipeline,z_loop,03_cnn_gru_teacher_assisted,cnn_gru,4,1502,819,9190,pipeline\pipeline\z_loop\03_cnn_gru_teacher_assisted\20260505_103215_cnn_gru_together_z_loop_family\predictions_cnn_teacher_assisted.npz,0.45139813581890814,0.5486018641810919,0.7433964781135757,0.7762374716967371,0.12924716855429713
pipeline,z_loop,03_cnn_gru_teacher_assisted,cnn_gru,5,1501,9127,10648,pipeline\pipeline\z_loop\03_cnn_gru_teacher_assisted\20260505_103215_cnn_gru_together_z_loop_family\predictions_cnn_teacher_assisted.npz,0.5489673550966022,0.45103264490339773,0.7087586717872442,0.8278263937808864,0.108
pipeline,z_loop,03_cnn_gru_teacher_assisted,cnn_gru,6,1501,1092,11920,pipeline\pipeline\z_loop\03_cnn_gru_teacher_assisted\20260505_103215_cnn_gru_together_z_loop_family\predictions_cnn_teacher_assisted.npz,0.46102598267821454,0.5389740173217855,0.7340006500700964,0.7927602431999741,0.11733333333333333
pipeline,z_loop,03_cnn_gru_teacher_assisted,cnn_gru,7,1501,11856,13377,pipeline\pipeline\z_loop\03_cnn_gru_teacher_assisted\20260505_103215_cnn_gru_together_z_loop_family\predictions_cnn_teacher_assisted.npz,0.5336442371752165,0.46635576282478347,0.706814410287805,0.8255194957544365,0.116
pipeline,z_loop,03_cnn_gru_teacher_assisted,cnn_gru,8,1501,1365,14650,pipeline\pipeline\z_loop\03_cnn_gru_teacher_assisted\20260505_103215_cnn_gru_together_z_loop_family\predictions_cnn_teacher_assisted.npz,0.47368421052631576,0.5263157894736842,0.7322353659908745,0.794226191920717,0.116
pipeline,z_loop,03_cnn_gru_teacher_assisted,cnn_gru,9,1501,1638,15014,pipeline\pipeline\z_loop\03_cnn_gru_teacher_assisted\20260505_103215_cnn_gru_together_z_loop_family\predictions_cnn_teacher_assisted.npz,0.447035309793471,0.5529646902065289,0.739331320633021,0.7821206216666672,0.11666666666666667
pipeline,z_loop,04_hsmm_using_cnn_embeddings,gpu_hsmm_duration,0,151,259,3846,pipeline\pipeline\z_loop\04_hsmm_using_cnn_embeddings\20260505_103411_hsmm_together_z_loop_family\hsmm_predictions.npz,0.4900662251655629,0.5099337748344371,nan,nan,0.09333333333333334
pipeline,z_loop,04_hsmm_using_cnn_embeddings,gpu_hsmm_duration,1,151,3847,5117,pipeline\pipeline\z_loop\04_hsmm_using_cnn_embeddings\20260505_103411_hsmm_together_z_loop_family\hsmm_predictions.npz,0.8211920529801324,0.17880794701986755,nan,nan,0.09333333333333334
pipeline,z_loop,04_hsmm_using_cnn_embeddings,gpu_hsmm_duration,2,151,595,6472,pipeline\pipeline\z_loop\04_hsmm_using_cnn_embeddings\20260505_103411_hsmm_together_z_loop_family\hsmm_predictions.npz,0.6158940397350994,0.3841059602649007,nan,nan,0.10666666666666667
pipeline,z_loop,04_hsmm_using_cnn_embeddings,gpu_hsmm_duration,3,151,924,8049,pipeline\pipeline\z_loop\04_hsmm_using_cnn_embeddings\20260505_103411_hsmm_together_z_loop_family\hsmm_predictions.npz,0.6622516556291391,0.33774834437086093,nan,nan,0.12
pipeline,z_loop,04_hsmm_using_cnn_embeddings,gpu_hsmm_duration,4,151,926,9637,pipeline\pipeline\z_loop\04_hsmm_using_cnn_embeddings\20260505_103411_hsmm_together_z_loop_family\hsmm_predictions.npz,0.7218543046357616,0.2781456953642384,nan,nan,0.12666666666666668
pipeline,z_loop,04_hsmm_using_cnn_embeddings,gpu_hsmm_duration,5,150,1106,10970,pipeline\pipeline\z_loop\04_hsmm_using_cnn_embeddings\20260505_103411_hsmm_together_z_loop_family\hsmm_predictions.npz,0.54,0.46,nan,nan,0.12080536912751678
pipeline,z_loop,04_hsmm_using_cnn_embeddings,gpu_hsmm_duration,6,150,10971,11946,pipeline\pipeline\z_loop\04_hsmm_using_cnn_embeddings\20260505_103411_hsmm_together_z_loop_family\hsmm_predictions.npz,0.8133333333333334,0.18666666666666668,nan,nan,0.04697986577181208
pipeline,z_loop,04_hsmm_using_cnn_embeddings,gpu_hsmm_duration,7,150,11947,13223,pipeline\pipeline\z_loop\04_hsmm_using_cnn_embeddings\20260505_103411_hsmm_together_z_loop_family\hsmm_predictions.npz,0.8466666666666667,0.15333333333333332,nan,nan,0.10738255033557047
pipeline,z_loop,04_hsmm_using_cnn_embeddings,gpu_hsmm_duration,8,150,1463,14626,pipeline\pipeline\z_loop\04_hsmm_using_cnn_embeddings\20260505_103411_hsmm_together_z_loop_family\hsmm_predictions.npz,0.48,0.52,nan,nan,0.16778523489932887
pipeline,z_loop,04_hsmm_using_cnn_embeddings,gpu_hsmm_duration,9,150,1666,15000,pipeline\pipeline\z_loop\04_hsmm_using_cnn_embeddings\20260505_103411_hsmm_together_z_loop_family\hsmm_predictions.npz,0.6266666666666667,0.37333333333333335,nan,nan,0.18791946308724833
pipeline,z_loop,05_dmm,dmm,0,1502,0,3730,pipeline\pipeline\z_loop\05_dmm\20260505_103853_dmm_together_z_loop_family\predictions_dmm.npz,0.5086551264980027,0.49134487350199735,0.681935747953928,0.856610048247912,0.07728181212524983
pipeline,z_loop,05_dmm,dmm,1,1502,3665,5187,pipeline\pipeline\z_loop\05_dmm\20260505_103853_dmm_together_z_loop_family\predictions_dmm.npz,0.4833555259653795,0.5166444740346205,0.6842669864072305,0.8545999295526808,0.10259826782145237
pipeline,z_loop,05_dmm,dmm,2,1502,546,6460,pipeline\pipeline\z_loop\05_dmm\20260505_103853_dmm_together_z_loop_family\predictions_dmm.npz,0.5099866844207723,0.49001331557922767,0.6853341240381274,0.8532778648668857,0.09993337774816789
pipeline,z_loop,05_dmm,dmm,3,1502,6396,7918,pipeline\pipeline\z_loop\05_dmm\20260505_103853_dmm_together_z_loop_family\predictions_dmm.npz,0.5605858854860186,0.4394141145139814,0.6707376253985851,0.8672151728417556,0.09993337774816789
pipeline,z_loop,05_dmm,dmm,4,1502,819,9190,pipeline\pipeline\z_loop\05_dmm\20260505_103853_dmm_together_z_loop_family\predictions_dmm.npz,0.5053262316910786,0.49467376830892146,0.686441502939369,0.8519289138975005,0.11858760826115923
pipeline,z_loop,05_dmm,dmm,5,1501,9127,10648,pipeline\pipeline\z_loop\05_dmm\20260505_103853_dmm_together_z_loop_family\predictions_dmm.npz,0.6002664890073285,0.39973351099267157,0.6656840320907379,0.8713874342300152,0.10133333333333333
pipeline,z_loop,05_dmm,dmm,6,1501,1092,11920,pipeline\pipeline\z_loop\05_dmm\20260505_103853_dmm_together_z_loop_family\predictions_dmm.npz,0.5269820119920053,0.47301798800799466,0.683818903785797,0.8538955410756427,0.10266666666666667
pipeline,z_loop,05_dmm,dmm,7,1501,11856,13377,pipeline\pipeline\z_loop\05_dmm\20260505_103853_dmm_together_z_loop_family\predictions_dmm.npz,0.6255829447035309,0.374417055296469,0.6685095386930817,0.867772582196065,0.09466666666666666
pipeline,z_loop,05_dmm,dmm,8,1501,1365,14650,pipeline\pipeline\z_loop\05_dmm\20260505_103853_dmm_together_z_loop_family\predictions_dmm.npz,0.5616255829447035,0.43837441705529645,0.6778912522012913,0.8576660942930535,0.116
pipeline,z_loop,05_dmm,dmm,9,1501,1638,15014,pipeline\pipeline\z_loop\05_dmm\20260505_103853_dmm_together_z_loop_family\predictions_dmm.npz,0.5143237841439041,0.48567621585609594,0.6848417094435237,0.8537543424480898,0.12066666666666667
individual,parity,cthmm,gpu_cthmm,0,70148,0,70147,individual\individual\parity\cthmm\20260504_230557_cthmm_together_parity_run\teacher_predictions.npz,0.014497918686206307,0.9855020813137937,0.9919492470492127,0.02539908483496531,0.02899625073060858
individual,parity,cthmm,gpu_cthmm,1,70148,70148,140295,individual\individual\parity\cthmm\20260504_230557_cthmm_together_parity_run\teacher_predictions.npz,0.0144836631122769,0.9855163368877231,0.9917946476054897,0.027072422912821043,0.028967739176301195
individual,parity,cthmm,gpu_cthmm,2,70148,140296,210443,individual\individual\parity\cthmm\20260504_230557_cthmm_together_parity_run\teacher_predictions.npz,0.0144836631122769,0.9855163368877231,0.9917976244227905,0.027022423870065843,0.028967739176301195
individual,parity,cthmm,gpu_cthmm,3,70148,210444,280591,individual\individual\parity\cthmm\20260504_230557_cthmm_together_parity_run\teacher_predictions.npz,0.37758738666818725,0.6224126133318127,0.9943415047644943,0.020162624441789505,0.01831867364249362
individual,parity,cthmm,gpu_cthmm,4,70148,280592,350739,individual\individual\parity\cthmm\20260504_230557_cthmm_together_parity_run\teacher_predictions.npz,1.0,0.0,0.9998229025567469,0.0015196621961824667,0.0
individual,parity,cthmm,gpu_cthmm,5,70148,350740,420887,individual\individual\parity\cthmm\20260504_230557_cthmm_together_parity_run\teacher_predictions.npz,1.0,0.0,0.9999554314876137,0.0004484059524317211,0.0
individual,parity,cthmm,gpu_cthmm,6,70148,420888,491035,individual\individual\parity\cthmm\20260504_230557_cthmm_together_parity_run\teacher_predictions.npz,1.0,0.0,0.9997733712566819,0.0020175339125401382,0.0
individual,parity,cthmm,gpu_cthmm,7,70148,491036,561183,individual\individual\parity\cthmm\20260504_230557_cthmm_together_parity_run\teacher_predictions.npz,1.0,0.0,0.9996529392655494,0.0027534675809843434,0.0
individual,parity,cthmm,gpu_cthmm,8,70148,561184,631331,individual\individual\parity\cthmm\20260504_230557_cthmm_together_parity_run\teacher_predictions.npz,1.0,0.0,0.9999998322669827,1.7343235031064044e-06,0.0
individual,parity,cthmm,gpu_cthmm,9,70148,631332,701479,individual\individual\parity\cthmm\20260504_230557_cthmm_together_parity_run\teacher_predictions.npz,1.0,0.0,0.9999997116701357,3.1217665148977636e-06,0.0
individual,parity,hsmm,gpu_hsmm_duration,0,10522,60,96865,individual\individual\parity\hsmm\20260504_233338_hsmm_together_parity_run\hsmm_predictions.npz,0.0,1.0,nan,nan,0.0
individual,parity,hsmm,gpu_hsmm_duration,1,10522,10772,160077,individual\individual\parity\hsmm\20260504_233338_hsmm_together_parity_run\hsmm_predictions.npz,0.0,1.0,nan,nan,0.0
individual,parity,hsmm,gpu_hsmm_duration,2,10522,17960,222447,individual\individual\parity\hsmm\20260504_233338_hsmm_together_parity_run\hsmm_predictions.npz,0.0,1.0,nan,nan,0.0
individual,parity,hsmm,gpu_hsmm_duration,3,10522,25132,312153,individual\individual\parity\hsmm\20260504_233338_hsmm_together_parity_run\hsmm_predictions.npz,0.4035354495343091,0.5964645504656909,nan,nan,9.5047999239616e-05
individual,parity,hsmm,gpu_hsmm_duration,4,10522,261928,375595,individual\individual\parity\hsmm\20260504_233338_hsmm_together_parity_run\hsmm_predictions.npz,1.0,0.0,nan,nan,0.0
individual,parity,hsmm,gpu_hsmm_duration,5,10522,269134,437721,individual\individual\parity\hsmm\20260504_233338_hsmm_together_parity_run\hsmm_predictions.npz,1.0,0.0,nan,nan,0.0
individual,parity,hsmm,gpu_hsmm_duration,6,10522,276392,502581,individual\individual\parity\hsmm\20260504_233338_hsmm_together_parity_run\hsmm_predictions.npz,1.0,0.0,nan,nan,0.0
individual,parity,hsmm,gpu_hsmm_duration,7,10522,279878,581016,individual\individual\parity\hsmm\20260504_233338_hsmm_together_parity_run\hsmm_predictions.npz,1.0,0.0,nan,nan,0.0
individual,parity,hsmm,gpu_hsmm_duration,8,10522,517625,644689,individual\individual\parity\hsmm\20260504_233338_hsmm_together_parity_run\hsmm_predictions.npz,0.9990496103402395,0.0009503896597605018,nan,nan,0.001710863986313088
individual,parity,hsmm,gpu_hsmm_duration,9,10522,523226,701474,individual\individual\parity\hsmm\20260504_233338_hsmm_together_parity_run\hsmm_predictions.npz,0.9050560729899259,0.09494392701007413,nan,nan,0.11880999904952001
individual,x_loop,cthmm,gpu_cthmm,0,18600,0,18599,individual\individual\x_loop\cthmm\20260505_014342_cthmm_together_x_loop_run\teacher_predictions.npz,0.08951612903225807,0.910483870967742,0.6576968948430912,0.8946059309655394,0.04672294209366095
individual,x_loop,cthmm,gpu_cthmm,1,18600,18600,37199,individual\individual\x_loop\cthmm\20260505_014342_cthmm_together_x_loop_run\teacher_predictions.npz,0.2525268817204301,0.7474731182795699,0.606486790638457,0.9515939398267027,0.07919780633367385
individual,x_loop,cthmm,gpu_cthmm,2,18600,37200,55799,individual\individual\x_loop\cthmm\20260505_014342_cthmm_together_x_loop_run\teacher_predictions.npz,0.3604838709677419,0.6395161290322581,0.601260346831173,0.9543588113742512,0.08984353997526749
individual,x_loop,cthmm,gpu_cthmm,3,18600,55800,74399,individual\individual\x_loop\cthmm\20260505_014342_cthmm_together_x_loop_run\teacher_predictions.npz,0.468494623655914,0.531505376344086,0.5973389560496936,0.9603807422198509,0.0918328942416259
individual,x_loop,cthmm,gpu_cthmm,4,18600,74400,92999,individual\individual\x_loop\cthmm\20260505_014342_cthmm_together_x_loop_run\teacher_predictions.npz,0.6104301075268818,0.3895698924731183,0.593983286343595,0.962042294417186,0.09366094951341469
individual,x_loop,cthmm,gpu_cthmm,5,18600,93000,111599,individual\individual\x_loop\cthmm\20260505_014342_cthmm_together_x_loop_run\teacher_predictions.npz,0.6577419354838709,0.34225806451612906,0.602870231706609,0.955256716203028,0.08172482391526426
individual,x_loop,cthmm,gpu_cthmm,6,18600,111600,130199,individual\individual\x_loop\cthmm\20260505_014342_cthmm_together_x_loop_run\teacher_predictions.npz,0.6847849462365592,0.31521505376344083,0.6006388489629633,0.9540760825128863,0.0948438088069251
individual,x_loop,cthmm,gpu_cthmm,7,18600,130200,148799,individual\individual\x_loop\cthmm\20260505_014342_cthmm_together_x_loop_run\teacher_predictions.npz,0.725,0.275,0.6118159201260536,0.9460531818645945,0.06968116565406743
individual,x_loop,cthmm,gpu_cthmm,8,18600,148800,167399,individual\individual\x_loop\cthmm\20260505_014342_cthmm_together_x_loop_run\teacher_predictions.npz,0.6634946236559139,0.336505376344086,0.6004761547939752,0.9549956816059624,0.08559599978493468
individual,x_loop,cthmm,gpu_cthmm,9,18600,167400,185999,individual\individual\x_loop\cthmm\20260505_014342_cthmm_together_x_loop_run\teacher_predictions.npz,0.5384408602150538,0.4615591397849462,0.5950287268206638,0.961029867074301,0.0944136781547395
individual,x_loop,hsmm,gpu_hsmm_duration,0,2790,240,131159,individual\individual\x_loop\hsmm\20260505_015629_hsmm_together_x_loop_run\hsmm_predictions.npz,0.3935483870967742,0.6064516129032258,nan,nan,0.07565435640014342
individual,x_loop,hsmm,gpu_hsmm_duration,1,2790,13500,149249,individual\individual\x_loop\hsmm\20260505_015629_hsmm_together_x_loop_run\hsmm_predictions.npz,0.41863799283154124,0.5813620071684588,nan,nan,0.10433847257081391
individual,x_loop,hsmm,gpu_hsmm_duration,2,2790,15780,165179,individual\individual\x_loop\hsmm\20260505_015629_hsmm_together_x_loop_run\hsmm_predictions.npz,0.3767025089605735,0.6232974910394266,nan,nan,0.11150950161348154
individual,x_loop,hsmm,gpu_hsmm_duration,3,2790,16800,182969,individual\individual\x_loop\hsmm\20260505_015629_hsmm_together_x_loop_run\hsmm_predictions.npz,0.26200716845878136,0.7379928315412186,nan,nan,0.08246683399067767
individual,x_loop,hsmm,gpu_hsmm_duration,4,2790,2520,185939,individual\individual\x_loop\hsmm\20260505_015629_hsmm_together_x_loop_run\hsmm_predictions.npz,0.13082437275985664,0.8691756272401434,nan,nan,0.0570096808892076
individual,x_loop,hsmm,gpu_hsmm_duration,5,2790,3750,47969,individual\individual\x_loop\hsmm\20260505_015629_hsmm_together_x_loop_run\hsmm_predictions.npz,0.21397849462365592,0.7860215053763441,nan,nan,0.08246683399067767
individual,x_loop,hsmm,gpu_hsmm_duration,6,2790,6030,67349,individual\individual\x_loop\hsmm\20260505_015629_hsmm_together_x_loop_run\hsmm_predictions.npz,0.22437275985663083,0.7756272401433691,nan,nan,0.06955898171387594
individual,x_loop,hsmm,gpu_hsmm_duration,7,2790,7200,83579,individual\individual\x_loop\hsmm\20260505_015629_hsmm_together_x_loop_run\hsmm_predictions.npz,0.3372759856630824,0.6627240143369175,nan,nan,0.08676945141627823
individual,x_loop,hsmm,gpu_hsmm_duration,8,2790,8640,100199,individual\individual\x_loop\hsmm\20260505_015629_hsmm_together_x_loop_run\hsmm_predictions.npz,0.4336917562724014,0.5663082437275986,nan,nan,0.10003585514521333
individual,x_loop,hsmm,gpu_hsmm_duration,9,2790,10800,119969,individual\individual\x_loop\hsmm\20260505_015629_hsmm_together_x_loop_run\hsmm_predictions.npz,0.39390681003584227,0.6060931899641577,nan,nan,0.09107206884187881
individual,z_loop,cthmm,gpu_cthmm,0,1502,0,1501,individual\individual\z_loop\cthmm\20260505_024243_cthmm_together_z_loop_run\teacher_predictions.npz,0.5645805592543276,0.43541944074567246,0.7983255810966187,0.6372286622777689,0.07728181212524983
individual,z_loop,cthmm,gpu_cthmm,1,1502,1502,3003,individual\individual\z_loop\cthmm\20260505_024243_cthmm_together_z_loop_run\teacher_predictions.npz,0.5945406125166445,0.4054593874833555,0.7942949729102271,0.6511546386406978,0.07994670219853431
individual,z_loop,cthmm,gpu_cthmm,2,1502,3004,4505,individual\individual\z_loop\cthmm\20260505_024243_cthmm_together_z_loop_run\teacher_predictions.npz,0.5798934753661784,0.4201065246338216,0.827592738498543,0.5737944356542105,0.04197201865423051
individual,z_loop,cthmm,gpu_cthmm,3,1502,4506,6007,individual\individual\z_loop\cthmm\20260505_024243_cthmm_together_z_loop_run\teacher_predictions.npz,0.6857523302263648,0.31424766977363516,0.7732089657520009,0.7086244616553226,0.11658894070619587
individual,z_loop,cthmm,gpu_cthmm,4,1502,6008,7509,individual\individual\z_loop\cthmm\20260505_024243_cthmm_together_z_loop_run\teacher_predictions.npz,0.5778961384820239,0.422103861517976,0.8369239196875758,0.5571934632611039,0.03530979347101932
individual,z_loop,cthmm,gpu_cthmm,5,1501,7510,9010,individual\individual\z_loop\cthmm\20260505_024243_cthmm_together_z_loop_run\teacher_predictions.npz,0.6908727514990006,0.3091272485009993,0.7723082687599034,0.7061692635368271,0.118
individual,z_loop,cthmm,gpu_cthmm,6,1501,9011,10511,individual\individual\z_loop\cthmm\20260505_024243_cthmm_together_z_loop_run\teacher_predictions.npz,0.5962691538974018,0.4037308461025983,0.8446971943662772,0.5332490384213584,0.046
individual,z_loop,cthmm,gpu_cthmm,7,1501,10512,12012,individual\individual\z_loop\cthmm\20260505_024243_cthmm_together_z_loop_run\teacher_predictions.npz,0.6482345103264491,0.351765489673551,0.8013632355889505,0.6433979070286538,0.10333333333333333
individual,z_loop,cthmm,gpu_cthmm,8,1501,12013,13513,individual\individual\z_loop\cthmm\20260505_024243_cthmm_together_z_loop_run\teacher_predictions.npz,0.586275816122585,0.41372418387741505,0.8364502288038773,0.5489922383831833,0.054
individual,z_loop,cthmm,gpu_cthmm,9,1501,13514,15014,individual\individual\z_loop\cthmm\20260505_024243_cthmm_together_z_loop_run\teacher_predictions.npz,0.569620253164557,0.43037974683544306,0.8075995941228822,0.616522730474078,0.09266666666666666
individual,z_loop,hsmm,gpu_hsmm_duration,0,226,91,3900,individual\individual\z_loop\hsmm\20260505_024835_hsmm_together_z_loop_run\hsmm_predictions.npz,0.5486725663716814,0.45132743362831856,nan,nan,0.06666666666666667
individual,z_loop,hsmm,gpu_hsmm_duration,1,226,3836,5120,individual\individual\z_loop\hsmm\20260505_024835_hsmm_together_z_loop_run\hsmm_predictions.npz,0.7345132743362832,0.26548672566371684,nan,nan,0.10222222222222223
individual,z_loop,hsmm,gpu_hsmm_duration,2,226,595,6264,individual\individual\z_loop\hsmm\20260505_024835_hsmm_together_z_loop_run\hsmm_predictions.npz,0.6327433628318584,0.3672566371681416,nan,nan,0.1511111111111111
individual,z_loop,hsmm,gpu_hsmm_duration,3,226,882,8175,individual\individual\z_loop\hsmm\20260505_024835_hsmm_together_z_loop_run\hsmm_predictions.npz,0.5973451327433629,0.4026548672566372,nan,nan,0.12
individual,z_loop,hsmm,gpu_hsmm_duration,4,225,883,9556,individual\individual\z_loop\hsmm\20260505_024835_hsmm_together_z_loop_run\hsmm_predictions.npz,0.7644444444444445,0.23555555555555555,nan,nan,0.12053571428571429
individual,z_loop,hsmm,gpu_hsmm_duration,5,225,1106,10905,individual\individual\z_loop\hsmm\20260505_024835_hsmm_together_z_loop_run\hsmm_predictions.npz,0.5777777777777777,0.4222222222222222,nan,nan,0.10714285714285714
individual,z_loop,hsmm,gpu_hsmm_duration,6,225,1305,11931,individual\individual\z_loop\hsmm\20260505_024835_hsmm_together_z_loop_run\hsmm_predictions.npz,0.7333333333333333,0.26666666666666666,nan,nan,0.10714285714285714
individual,z_loop,hsmm,gpu_hsmm_duration,7,225,11932,13325,individual\individual\z_loop\hsmm\20260505_024835_hsmm_together_z_loop_run\hsmm_predictions.npz,0.7511111111111111,0.24888888888888888,nan,nan,0.10267857142857142
individual,z_loop,hsmm,gpu_hsmm_duration,8,225,1428,14726,individual\individual\z_loop\hsmm\20260505_024835_hsmm_together_z_loop_run\hsmm_predictions.npz,0.37333333333333335,0.6266666666666667,nan,nan,0.16964285714285715
individual,z_loop,hsmm,gpu_hsmm_duration,9,225,1652,15000,individual\individual\z_loop\hsmm\20260505_024835_hsmm_together_z_loop_run\hsmm_predictions.npz,0.6488888888888888,0.3511111111111111,nan,nan,0.20089285714285715
